"kingdom","phylum","class","order","family","genus","species","id","annotated_pident","best_identity","tot_reads","X2022607_1","X2022607_10","X2022607_11","X2022607_14","X2022607_15","X2022607_151","X2022607_153","X2022607_154","X2022607_156","X2022607_158","X2022607_159","X2022607_16","X2022607_160","X2022607_161","X2022607_162","X2022607_163","X2022607_164","X2022607_165","X2022607_166","X2022607_167","X2022607_17","X2022607_171","X2022607_172","X2022607_173","X2022607_175","X2022607_183","X2022607_184","X2022607_185","X2022607_186","X2022607_188","X2022607_19","X2022607_191","X2022607_192","X2022607_193","X2022607_194","X2022607_195","X2022607_196","X2022607_197","X2022607_199","X2022607_20","X2022607_200","X2022607_203","X2022607_205","X2022607_210","X2022607_22","X2022607_26","X2022607_27","X2022607_279","X2022607_30","X2022607_31","X2022607_32","X2022607_33","X2022607_36","X2022607_37","X2022607_38","X2022607_39","X2022607_40","X2022607_42","X2022607_43","X2022607_44","X2022607_47","X2022607_48","X2022607_49","X2022607_50","X2022607_52","X2022607_53","X2022607_58","X2022607_59","X2022607_6","X2022607_60","X2022607_61","X2022607_65","X2022607_69","X2022607_7","X2022607_71","X2022607_73","X2022607_74","X2022607_9","X2022607_EB071022","X2022607_EB280922","X2022607_LB081022","X2022624_106","X2022624_12","X2022624_121","X2022624_122","X2022624_20","X2022624_26","X2022624_28","X2022624_35","X2022624_37","X2022624_48","X2022624_66","X2022624_80","X2022624_81","PC_NJ"
"Animalia","Chordata","Mammalia","Primates","Hominidae","Homo","Homo sapiens","GG01_006277688",0.994,0.810344827586207,85853,70,61,351,4,508,553,160,465,229,0,0,0,22,24631,160,484,4053,524,4296,565,78,226,2,599,3,1,37,211,888,48,81,142,1,1194,424,0,92,4127,121,936,75,0,1,10,3,103,1371,2,111,109,123,17,873,1189,172,137,682,840,907,4384,659,0,400,227,98,1,1666,3088,21,26,584,414,72,195,84,5472,16,97,152,4,0,65,51,79,1003,465,3116,6002,6,45,3405,510,329,45,0
NA,NA,NA,NA,NA,NA,NA,"GG01_003804929",0.545454545454545,0.545454545454545,7840,1,25,12,1,0,0,0,0,0,0,23,36,0,96,2,0,0,0,5,0,0,0,4,1,0,0,16,10,17,19,24,0,12,88,0,0,0,16,35,0,0,0,4,80,0,0,207,0,222,0,0,118,0,44,0,133,0,13,0,16,153,3,87,0,8,0,0,0,2,0,14,238,231,227,64,122,366,14,0,0,0,19,4076,22,2,0,500,3,28,68,248,0,34,31,0
"Animalia","Chordata","Teleostei","Stomiiformes","Sternoptychidae","Maurolicus","Maurolicus muelleri","GG01_006696348",0.946,0.811428571428571,109592,0,0,0,0,0,0,0,0,0,0,0,0,0,0,0,0,0,0,0,0,0,0,0,0,0,0,0,0,0,0,0,0,0,0,0,0,0,0,0,0,0,0,0,0,0,0,0,0,0,0,0,0,0,0,0,0,0,0,0,0,0,0,0,0,0,0,0,0,0,0,0,0,0,5473,0,0,17704,0,0,0,0,0,0,0,0,0,0,0,0,0,0,0,0,0,86415
"Animalia","Chordata","Teleostei",NA,NA,NA,NA,"GG01_001156819",0.877777777777778,0.877777777777778,11,0,0,0,0,0,1,0,0,0,0,0,0,0,0,0,0,0,1,0,0,0,0,0,2,0,0,4,0,0,0,0,0,0,0,0,1,0,1,0,0,0,0,0,0,0,0,0,0,0,0,0,0,0,0,0,0,0,0,0,0,0,0,0,0,0,0,0,0,0,0,0,0,0,0,0,0,0,0,0,0,0,0,0,0,0,0,0,0,0,0,0,0,0,0,1
"Animalia","Chordata","Teleostei","Perciformes","Callionymidae","Callionymus","Callionymus reticulatus","GG01_006497668",1,0.773480662983425,750,0,0,0,40,0,0,0,0,0,0,0,0,0,0,0,0,0,0,0,0,0,0,0,0,0,0,0,0,0,0,0,0,0,0,0,0,0,0,0,0,0,0,0,0,0,0,0,0,0,0,0,0,0,0,0,0,0,0,0,0,0,0,0,0,0,0,0,0,0,0,0,0,0,0,0,0,0,0,0,0,0,0,0,0,0,0,710,0,0,0,0,0,0,0,0
"Animalia","Chordata","Teleostei","Osmeriformes","Argentinidae","Argentina","Argentina silus","GG01_004324275",1,0.982456140350877,3873,0,0,0,0,0,0,0,0,0,0,0,0,0,0,0,0,0,0,0,0,0,0,0,0,0,0,0,0,0,0,0,0,0,0,0,0,0,0,0,0,0,0,0,0,0,0,0,0,0,0,0,0,0,0,0,0,0,0,3733,0,0,0,0,0,0,0,0,0,0,0,0,0,0,0,0,0,0,0,0,0,0,0,0,0,0,0,0,140,0,0,0,0,0,0,0
"Animalia","Chordata","Teleostei","Clupeiformes","Clupeidae","Clupea","Clupea harengus","GG01_000178580",0.893854748603352,0.893854748603352,14,0,0,0,0,0,0,0,0,3,0,0,0,0,0,0,0,0,1,0,0,0,0,0,0,0,0,0,0,0,0,0,0,0,0,0,0,0,0,0,0,1,0,0,0,0,4,0,0,0,0,0,0,0,0,0,0,0,0,0,0,0,0,0,0,0,0,0,0,0,0,0,0,0,0,0,0,0,0,0,0,0,0,0,3,2,0,0,0,0,0,0,0,0,0,0
"Animalia","Chordata","Teleostei","Clupeiformes","Clupeidae","Clupea","Clupea harengus","GG01_000771581",0.942,0.942196531791908,1656322,1,12355,6833,35476,11653,0,11905,1,7462,0,0,0,0,0,0,0,0,9596,0,0,15518,5650,0,21497,471,0,6273,0,2,1,3381,0,0,0,0,0,3,5491,5242,26850,2222,0,2048,6075,3607,37089,17607,0,2030,50469,23146,12282,35820,80495,44286,47737,39490,29851,48591,31650,29127,44103,7807,47601,1884,46869,30327,40485,41237,49505,66713,44189,17861,3866,53989,31827,55122,39199,1,0,0,21890,1,18398,23983,8494,0,13813,0,5961,57025,154888,0,1,0
"Animalia","Chordata","Teleostei","Gadiformes","Gadidae","Arctogadus","Arctogadus glacialis","GG01_001133323",0.92,0.915254237288136,2694,8,33,283,35,10,9,5,8,2,0,30,14,6,5,17,5,12,20,13,9,153,5,0,21,0,1,5,18,7,3,0,0,10,0,8,28,70,27,26,22,33,64,175,66,0,2,0,0,1,30,24,1,151,0,8,99,13,128,8,7,77,0,94,71,0,55,23,39,166,1,27,8,1,53,16,44,51,159,0,0,0,0,0,4,0,18,0,10,0,0,6,12,0,9,12
"Animalia","Chordata","Teleostei","Gadiformes","Gadidae","Gadus","Gadus morhua","GG01_001864234",0.94,0.860335195530726,7310246,21277,112646,358056,129592,52042,56909,25131,57757,37915,1,64098,63800,69682,27506,94089,53017,49481,84502,51782,52194,108801,41410,0,93456,19563,35623,50879,81248,24693,29899,11620,0,64184,15379,37437,108872,80506,85061,117464,90084,96748,116125,287712,138895,3848,46766,8320,0,27998,112267,64460,15228,238290,15698,60418,262740,71427,251765,58167,48931,201965,25890,94392,174574,7889,194863,106951,138076,307070,19323,81314,81379,37423,143740,72088,118829,186920,338291,1,2,0,0,4475,21501,18601,69345,1,77599,18505,2,58806,70756,41819,65461,48936
"Animalia","Chordata","Teleostei","Gadiformes",NA,NA,NA,"GG01_003461770",0.862857142857143,0.862857142857143,265,3,1,1,1,7,0,0,0,0,0,4,0,4,0,1,4,4,7,0,0,4,0,0,10,0,0,1,8,0,6,0,0,2,0,9,9,13,13,17,0,13,0,11,4,0,4,0,0,0,4,0,2,0,4,0,6,4,3,0,0,0,0,0,0,0,15,4,8,4,0,0,6,0,0,0,3,3,3,0,0,0,0,0,4,0,10,0,4,0,0,5,11,0,1,0
"Animalia","Chordata","Teleostei","Perciformes","Anarhichadidae","Anarhichas","Anarhichas spp.","GG01_002114587",0.946,0.857142857142857,1465696,1515,0,0,25891,0,4851,37052,19778,2402,0,10934,25482,0,27201,24518,36788,35259,67562,39468,27989,35692,8055,0,38247,2143,29579,25678,23136,9284,0,0,0,0,23143,22843,4039,6146,16945,15726,43359,17951,14456,30019,16637,1,2155,0,0,0,37078,2690,8488,7397,0,0,12572,1,9676,0,0,35453,4658,0,23232,0,15921,4880,78763,41088,0,3745,45691,0,0,26405,8008,0,25357,1,0,0,37107,0,4860,0,66355,0,26467,0,0,5590,8769,27059,54715,71746
"Animalia","Chordata","Teleostei","Gadiformes","Gadidae","Melanogrammus|Merlangius","Melanogrammus aeglefinus|Merlangius merlangus","GG01_000552890",0.912,0.888888888888889,490651,1,0,1401,0,2802,0,0,6672,0,1,4491,0,2125,0,18362,0,5884,25656,5089,0,0,0,0,12433,2531,8238,0,11155,0,0,0,0,13505,4842,0,8998,7090,3680,3728,9774,5313,2235,416,5159,4655,1868,1,0,0,7330,1335,0,0,0,0,10367,5499,12178,0,0,12299,0,15709,13050,0,8504,2620,6657,2915,0,0,5550,4802,1509,0,1,0,2386,0,0,0,0,0,1969,6403,25850,0,58125,3711,0,47248,10433,0,46096,0
"Animalia","Chordata","Teleostei","Gadiformes","Gadidae","Ciliata","Ciliata septentrionalis","GG01_006026944",1,0.88953488372093,3854,0,0,0,0,0,0,0,0,0,0,0,0,0,0,0,0,0,0,0,0,0,0,0,0,0,0,0,0,0,0,0,0,0,0,0,0,0,0,0,0,0,0,0,0,0,0,0,0,0,0,0,0,0,0,0,0,0,0,0,0,0,0,0,0,0,0,0,0,0,0,0,0,0,0,0,0,0,0,0,0,0,0,0,0,0,0,0,0,0,0,0,0,3854,0,0
"Animalia","Chordata","Teleostei","Gadiformes","Gadidae","Gadiculus","Gadiculus argenteus","GG01_002487483",1,0.88953488372093,7848,0,0,0,0,0,0,0,0,0,0,0,0,0,0,0,0,0,0,0,0,0,0,0,2547,0,0,0,0,0,0,0,0,0,0,0,5301,0,0,0,0,0,0,0,0,0,0,0,0,0,0,0,0,0,0,0,0,0,0,0,0,0,0,0,0,0,0,0,0,0,0,0,0,0,0,0,0,0,0,0,0,0,0,0,0,0,0,0,0,0,0,0,0,0,0,0
"Animalia","Chordata","Teleostei","Gadiformes","Gadidae","Raniceps","Raniceps raninus","GG01_006232085",1,0.908045977011494,18652,0,0,0,0,0,0,0,0,0,0,0,0,0,0,0,0,0,0,0,0,0,0,0,0,0,0,0,0,0,0,0,0,0,0,0,0,0,0,0,0,0,0,0,0,0,0,0,0,0,0,0,0,0,0,0,0,0,0,0,0,0,0,0,0,0,0,0,0,0,0,0,0,0,0,0,0,0,0,0,0,0,12730,0,0,0,0,0,0,0,0,0,0,0,5922,0
"Animalia","Chordata","Teleostei","Gadiformes","Gadidae","Boreogadus","Boreogadus saida","GG01_005764588",0.958,0.947368421052632,57,0,0,0,0,0,0,0,0,0,0,1,0,0,0,0,0,0,0,0,0,0,0,0,0,0,0,0,0,0,0,0,0,0,0,0,0,0,0,0,0,0,0,0,0,0,0,0,0,0,0,0,0,0,0,0,0,0,0,0,0,0,0,0,0,0,0,0,0,0,0,0,0,0,0,0,0,0,0,0,0,0,0,0,0,0,0,0,0,0,0,0,0,0,0,56
"Animalia","Chordata","Teleostei","Gadiformes","Gadidae","Micromesistius","Micromesistius poutassou","GG01_005771899",0.994,0.994117647058824,5751,0,0,0,0,0,0,0,0,0,0,0,0,0,0,0,0,0,0,0,0,0,0,0,0,0,0,0,0,0,5566,0,0,0,0,0,0,0,0,0,0,0,185,0,0,0,0,0,0,0,0,0,0,0,0,0,0,0,0,0,0,0,0,0,0,0,0,0,0,0,0,0,0,0,0,0,0,0,0,0,0,0,0,0,0,0,0,0,0,0,0,0,0,0,0,0
"Animalia","Chordata","Teleostei","Gadiformes","Gadidae","Pollachius","Pollachius virens","GG01_000034958",1,1,632782,8824,0,1160,0,9282,0,4515,0,0,0,5052,0,1,0,3304,20136,6795,17138,610,8320,5365,12438,0,4335,0,16676,1414,22599,10850,18866,0,0,3166,9326,8884,3390,17041,16218,22061,4132,19830,0,8645,3533,0,10054,0,0,0,5812,0,5348,1,8897,7358,3571,19084,3244,1,0,0,0,0,0,0,8252,26452,13924,3368,0,0,23670,0,0,0,10904,3396,888,1,0,0,0,11687,29891,8563,13176,0,20051,0,0,4291,35768,53945,7279,0
"Animalia","Chordata","Teleostei","Gadiformes","Gadidae","Trisopterus","Trisopterus esmarkii","GG01_005724822",0.939,0.913294797687861,38217,0,0,0,0,0,0,0,0,0,0,4568,0,0,0,3511,0,0,7687,0,0,0,0,0,0,0,0,0,0,0,0,0,0,0,0,0,0,0,0,0,0,0,0,0,0,0,0,0,0,0,0,0,0,0,0,0,0,0,0,0,0,0,0,0,0,0,0,0,0,0,0,0,0,0,0,0,0,0,0,0,0,0,0,0,2424,0,0,2,6398,2845,0,0,1241,0,9541,0
"Animalia","Chordata","Teleostei","Gadiformes","Gadidae","Brosme","Brosme brosme","GG01_006602437",0.953,0.929411764705882,21057,0,0,0,0,0,0,0,0,0,0,55,0,0,0,0,0,0,0,0,0,0,0,0,0,324,0,0,0,0,0,0,0,0,0,0,0,0,1483,0,0,0,0,0,0,0,0,0,0,0,0,0,0,0,0,0,0,0,0,0,0,0,0,0,0,0,0,0,0,0,0,0,0,0,0,0,0,0,0,0,0,0,0,0,0,0,1841,0,0,0,0,0,0,0,0,17354
"Animalia","Chordata","Teleostei","Gadiformes","Gadidae","Lota","Lota lota","GG01_004963424",1,1,4758,0,0,0,0,0,0,0,0,0,0,0,0,0,0,0,0,0,0,0,0,0,0,0,0,0,0,0,0,0,0,0,0,0,0,0,0,0,0,0,0,0,0,0,0,0,0,0,0,0,0,4758,0,0,0,0,0,0,0,0,0,0,0,0,0,0,0,0,0,0,0,0,0,0,0,0,0,0,0,0,0,0,0,0,0,0,0,0,0,0,0,0,0,0,0,0
"Animalia","Chordata","Teleostei","Gadiformes","Gadidae","Molva","Molva molva","GG01_004963116",0.994,0.994186046511628,4315,0,0,0,0,0,0,0,0,0,0,0,0,0,0,0,0,0,0,0,0,0,0,0,0,0,0,0,0,0,0,0,0,0,0,0,0,0,0,0,0,0,0,0,0,0,0,0,0,0,0,4315,0,0,0,0,0,0,0,0,0,0,0,0,0,0,0,0,0,0,0,0,0,0,0,0,0,0,0,0,0,0,0,0,0,0,0,0,0,0,0,0,0,0,0,0
"Animalia","Chordata","Teleostei","Perciformes","Gobiidae","Crystallogobius","Crystallogobius linearis","GG01_000430248",1,1,25415,0,0,0,0,0,0,0,0,0,0,0,0,0,0,0,0,0,0,0,0,0,0,0,0,0,0,0,0,0,0,0,0,3791,0,0,13523,3769,0,0,0,0,0,2312,2019,0,0,0,0,0,0,0,0,0,0,0,0,0,0,0,0,0,0,0,0,0,0,0,0,0,0,0,0,0,0,0,0,0,0,0,0,0,0,0,0,1,0,0,0,0,0,0,0,0,0,0
"Animalia","Chordata","Teleostei","Myctophiformes","Myctophidae","Protomyctophum","Protomyctophum arcticum","GG01_006171633",0.988,0.988372093023256,946,0,0,0,0,0,0,0,0,0,0,0,0,0,0,0,0,0,0,0,0,0,0,0,0,0,0,0,0,0,0,0,0,0,0,0,0,0,0,0,0,0,0,0,0,0,0,0,0,0,0,0,0,0,0,0,0,0,0,0,0,0,0,0,0,0,0,0,0,0,0,0,0,0,0,0,0,0,0,0,0,0,0,0,0,0,946,0,0,0,0,0,0,0,0,0
"Animalia","Chordata","Teleostei","Osmeriformes","Osmeridae","Mallotus","Mallotus villosus","GG01_000000002",0.994,0.994047619047619,4985774,3159,725912,241395,241008,169742,14815,12496,22720,5805,0,5226,43260,5363,28028,10181,54041,27997,12494,20657,43122,231642,8716,0,3,223,21696,29376,3649,3605,5589,8913,0,6847,13600,2455,8206,7304,4592,28002,136901,3785,16467,34620,15814,12164,195940,68170,0,20436,42247,203758,69874,16447,37355,16105,37181,7352,24782,120981,44431,17437,14345,2292,70149,3891,37365,39035,210541,156602,15873,25481,94117,68907,520078,73593,104266,39500,222563,0,1,0,0,0,0,2,1,0,0,0,0,1,2,0,0,73083
"Animalia","Chordata","Teleostei","Perciformes|Scorpaeniformes","Stichaeidae|Cyclopteridae","Anisarchus|Cyclopterus|Leptoclinus","Anisarchus medius|Cyclopterus lumpus|Leptoclinus maculatus","GG01_006625862",0.952,0.946745562130177,11,0,0,0,0,0,0,0,0,0,0,0,0,0,0,0,0,0,0,0,0,0,0,0,0,0,0,0,0,0,0,0,0,0,0,0,0,0,0,0,0,0,0,0,0,0,0,0,0,0,0,0,0,0,0,0,0,0,0,0,0,0,0,0,0,0,0,0,0,0,0,0,0,0,0,0,0,0,0,0,0,0,0,0,0,0,0,0,0,0,0,0,0,0,0,11
"Animalia","Chordata","Teleostei","Scorpaeniformes","Cottidae","Artediellus","Artediellus scaber","GG01_002200880",0.953,0.953488372093023,19875,0,0,0,0,0,0,0,0,0,0,0,0,0,0,0,0,0,0,0,0,0,0,0,0,0,0,0,0,0,0,0,0,0,0,0,0,0,0,0,10173,0,0,0,9702,0,0,0,0,0,0,0,0,0,0,0,0,0,0,0,0,0,0,0,0,0,0,0,0,0,0,0,0,0,0,0,0,0,0,0,0,0,0,0,0,0,0,0,0,0,0,0,0,0,0,0
"Animalia","Chordata","Teleostei","Perciformes","Stichaeidae","Lumpenus","Lumpenus lampretaeformis","GG01_004935106",0.959,0.952662721893491,33,0,0,0,0,0,0,0,0,0,0,0,0,0,0,0,0,0,0,0,0,0,0,0,0,0,0,0,0,0,0,0,0,0,0,0,0,0,0,0,0,0,0,0,0,0,0,0,0,0,1,0,0,1,0,0,9,0,3,0,0,0,0,0,0,0,4,0,0,0,0,0,0,0,0,0,0,0,0,0,0,0,0,0,0,0,0,0,0,0,0,2,13,0,0,0
"Animalia","Chordata","Teleostei","Perciformes","Pholidae","Pholis","Pholis gunnellus","GG01_000800465",1,0.952380952380952,363016,0,0,0,0,0,0,0,7728,0,0,14176,0,0,0,0,0,11883,6973,0,43696,10118,0,1,0,2722,0,0,14664,729,0,0,0,0,0,0,12251,0,0,0,0,0,14232,6610,0,0,13936,0,0,0,964,0,0,23093,0,0,449,0,1084,0,0,27527,33640,0,718,0,0,0,0,0,0,0,0,0,0,0,710,0,17815,0,0,0,0,0,9817,0,0,0,460,0,0,0,219,46516,0,40285
"Animalia","Chordata","Teleostei","Perciformes","Zoarcidae","Zoarces","Zoarces viviparus","GG01_002684743",0.965,0.903409090909091,29558,0,0,1132,0,0,0,0,0,0,0,0,22129,0,0,0,0,0,0,0,0,0,0,0,0,0,0,0,0,0,0,0,0,0,0,0,0,0,0,0,0,0,0,0,0,0,0,0,0,0,0,0,0,0,0,0,0,0,0,0,0,0,0,0,0,0,0,0,0,6297,0,0,0,0,0,0,0,0,0,0,0,0,0,0,0,0,0,0,0,0,0,0,0,0,0,0
"Animalia","Chordata","Teleostei","Perciformes","Anarhichadidae","Anarhichas","Anarhichas spp.","GG01_003597153",0.953216374269006,0.953216374269006,105,0,0,0,2,0,0,7,0,0,0,2,0,0,0,1,0,1,3,0,2,6,0,0,3,0,1,0,1,0,0,0,0,0,0,1,0,0,5,0,5,0,0,8,0,0,0,0,0,0,3,0,0,0,0,0,0,0,0,0,0,4,0,0,2,0,0,0,1,21,0,0,0,0,0,1,0,0,5,0,0,0,0,0,0,0,13,0,2,0,0,0,1,2,2,0
"Animalia","Chordata","Teleostei","Scorpaeniformes","Cottidae","Myoxocephalus","Myoxocephalus scorpius","GG01_006653511",0.965,0.964912280701754,350029,12565,0,0,0,0,0,12007,25754,1,0,0,0,0,45096,6949,0,46814,0,22253,0,0,0,0,0,0,12310,10625,1,0,0,0,0,0,0,0,16201,11666,0,1,0,0,0,0,0,0,1,0,0,0,0,0,40250,0,0,0,0,0,1,0,0,0,0,0,0,0,0,0,0,0,0,0,0,0,0,0,0,0,0,0,0,0,0,0,8005,0,0,0,0,0,0,0,0,0,1,79528
"Animalia","Chordata","Teleostei","Scorpaeniformes","Cottidae","Artediellus|Icelus","Artediellus atlanticus|Icelus cataphractus|Icelus spatula","GG01_002144815",1,1,30452,0,0,0,0,0,0,0,0,0,0,0,0,0,0,0,0,0,0,0,0,0,0,0,0,0,0,0,0,0,0,0,0,0,0,0,0,0,0,0,0,0,0,0,0,0,0,0,0,0,0,0,30452,0,0,0,0,0,0,0,0,0,0,0,0,0,0,0,0,0,0,0,0,0,0,0,0,0,0,0,0,0,0,0,0,0,0,0,0,0,0,0,0,0,0,0
"Animalia","Chordata","Teleostei","Scorpaeniformes","Cottidae","Taurulus","Taurulus bubalis","GG01_003245536",1,0.988095238095238,56566,0,0,0,0,15068,0,0,16726,0,0,0,0,0,0,0,0,0,0,0,0,0,0,0,0,0,1334,0,0,11262,0,0,0,0,0,0,0,0,12176,0,0,0,0,0,0,0,0,0,0,0,0,0,0,0,0,0,0,0,0,0,0,0,0,0,0,0,0,0,0,0,0,0,0,0,0,0,0,0,0,0,0,0,0,0,0,0,0,0,0,0,0,0,0,0,0,0
"Animalia","Chordata","Teleostei","Scorpaeniformes","Cyclopteridae","Cyclopterus","Cyclopterus lumpus","GG01_000035073",1,1,640131,0,0,0,0,0,0,12136,62672,14244,0,6176,0,0,0,44908,0,45272,0,50485,0,0,0,0,0,0,54894,29717,0,0,0,0,0,0,34606,16822,0,22774,13573,19457,26258,39093,27970,0,3632,0,0,0,0,0,0,15407,16886,0,1,0,0,0,29969,0,0,0,0,2,0,0,1,2,0,0,0,0,0,0,2,0,0,1,0,0,0,0,0,0,9747,0,0,0,0,0,0,0,0,0,0,43424
"Animalia","Chordata","Teleostei","Scorpaeniformes","Liparidae","Liparis","Liparis montagui","GG01_000582733",0.994,1,143217,0,0,0,0,0,0,8089,0,14391,0,0,0,0,0,0,0,0,0,13208,52678,0,0,0,0,0,27047,0,0,0,0,0,0,8351,0,0,0,0,7986,11467,0,0,0,0,0,0,0,0,0,0,0,0,0,0,0,0,0,0,0,0,0,0,0,0,0,0,0,0,0,0,0,0,0,0,0,0,0,0,0,0,0,0,0,0,0,0,0,0,0,0,0,0,0,0,0,0
"Animalia","Chordata","Teleostei","Scorpaeniformes","Scorpaenidae","Sebastes","Sebastes spp.","GG01_000080188",0.953,0.947368421052632,37,0,0,0,0,0,0,0,0,0,0,0,0,0,0,0,0,0,0,0,0,0,0,0,0,0,0,0,3,0,0,0,0,0,1,0,0,0,7,0,0,24,0,2,0,0,0,0,0,0,0,0,0,0,0,0,0,0,0,0,0,0,0,0,0,0,0,0,0,0,0,0,0,0,0,0,0,0,0,0,0,0,0,0,0,0,0,0,0,0,0,0,0,0,0,0
"Animalia","Chordata","Teleostei","Scorpaeniformes","Scorpaenidae","Sebastes","Sebastes spp.","GG01_004693283",0.941176470588235,0.941176470588235,133261,7111,0,0,0,0,6086,0,0,0,0,1421,0,5520,0,0,0,0,0,0,0,0,0,0,20239,0,0,0,4392,0,6481,0,0,10395,5121,0,0,0,9347,0,0,21931,0,12455,0,0,0,0,0,0,0,0,1,0,0,0,0,0,0,0,0,0,0,0,0,0,0,0,0,0,0,0,1,0,0,0,0,0,0,1,0,0,0,0,0,1,11527,0,6860,0,0,0,4371,0,0,0
"Animalia","Chordata","Teleostei","Perciformes","Stichaeidae","Leptoclinus","Leptoclinus maculatus","GG01_001698899",1,0.994082840236686,282813,0,0,0,3045,0,0,0,0,0,0,7605,0,0,1,0,0,0,0,2,0,2,0,0,5,649,0,0,1,0,0,0,0,0,3,1,0,0,0,0,1,0,1,3323,0,0,0,0,0,0,18998,0,0,7486,0,0,27157,0,15273,0,0,30948,0,0,16336,0,19524,0,1,0,0,4053,1,0,0,0,16713,0,2,0,1,0,0,0,0,0,7643,0,14585,0,0,11607,5722,0,1,72123
"Animalia","Chordata","Teleostei","Perciformes","Zoarcidae","Lycodes","Lycodes terraenovae","GG01_006607388",0.953,0.952941176470588,24212,0,0,0,0,0,0,0,0,0,0,0,0,0,0,0,0,0,0,0,0,0,0,0,0,0,0,0,0,0,0,0,0,0,0,0,0,0,0,0,0,0,0,0,0,0,0,0,0,0,0,0,0,0,0,0,0,0,0,0,0,0,0,0,0,0,0,18441,0,0,0,5076,0,0,0,0,0,0,0,0,0,0,0,0,0,0,0,0,0,0,0,0,0,0,0,695
"Animalia","Chordata","Teleostei","Pleuronectiformes","Pleuronectidae","Hippoglossus","Hippoglossus hippoglossus","GG01_004699709",0.904,0.900584795321637,27,0,0,0,0,0,0,0,0,0,0,0,0,0,0,0,2,0,0,0,0,0,0,0,14,0,0,0,0,0,0,0,0,0,10,0,0,0,0,0,0,0,0,0,0,0,0,0,0,0,0,0,0,0,0,0,1,0,0,0,0,0,0,0,0,0,0,0,0,0,0,0,0,0,0,0,0,0,0,0,0,0,0,0,0,0,0,0,0,0,0,0,0,0,0,0
"Animalia","Chordata","Teleostei","Pleuronectiformes","Pleuronectidae","Microstomus","Microstomus kitt","GG01_001290689",0.959,0.936046511627907,303046,0,0,0,11753,0,0,0,13160,0,1,0,0,0,0,2809,15963,0,0,0,0,0,0,0,13184,0,0,5001,4446,610,0,0,0,0,169327,0,0,10403,4987,0,4089,0,0,2900,6155,0,0,0,0,0,0,0,0,0,0,0,9287,0,1,0,0,0,0,0,0,0,0,0,0,0,0,0,0,0,7421,0,0,0,0,0,0,0,0,7207,4462,0,3662,2978,3240,0,0,0,0,0,0,0
"Animalia","Chordata","Teleostei","Pleuronectiformes","Pleuronectidae","Hippoglossoides","Hippoglossoides platessoides","GG01_005398172",0.942,0.941520467836257,259,0,0,1,1,0,0,0,0,0,0,3,0,0,0,2,2,0,3,2,0,0,0,0,24,0,1,17,0,0,5,0,0,0,22,0,5,3,3,0,8,0,0,4,2,0,0,0,0,0,2,0,0,0,1,0,8,2,2,0,0,6,0,0,4,0,12,0,0,7,0,2,0,0,0,0,0,0,10,0,0,0,0,0,1,0,0,0,6,0,0,7,1,0,4,76
"Animalia","Chordata","Teleostei","Pleuronectiformes","Pleuronectidae","Glyptocephalus","Glyptocephalus cynoglossus","GG01_001254619",0.912,0.908045977011494,64,0,0,0,0,0,0,0,1,0,0,0,0,0,0,1,2,0,0,0,0,0,0,0,0,0,0,0,0,0,0,0,0,0,53,0,0,0,2,0,2,0,0,0,0,0,0,0,0,0,0,0,0,0,0,0,1,0,0,0,0,0,0,0,0,0,0,0,0,0,0,0,0,0,1,0,0,0,0,0,0,0,0,1,0,0,0,0,0,0,0,0,0,0,0,0
"Animalia","Chordata","Teleostei","Pleuronectiformes","Pleuronectidae","Platichthys","Platichthys flesus","GG01_002180038",0.912,0.912280701754386,15,0,1,0,0,0,0,0,0,0,0,0,0,0,0,0,1,0,0,0,0,0,0,0,6,0,0,2,0,0,0,0,0,0,0,0,0,0,0,0,0,0,0,0,0,0,0,0,0,0,0,0,1,0,0,0,0,0,0,0,0,0,0,0,0,0,0,0,1,1,0,0,0,0,1,0,0,0,0,0,0,0,0,0,0,0,0,0,0,0,0,0,0,0,0,1
"Animalia","Chordata","Teleostei","Pleuronectiformes","Pleuronectidae","Pleuronectes","Pleuronectes platessa","GG01_006641937",0.919,0.923976608187134,2971677,1,31482,2775,11718,1,18580,2,54197,0,0,36553,0,18147,0,52925,58397,15393,64073,77951,29795,3,1,0,327689,3678,22030,155498,45739,30737,20493,1,0,39324,174928,0,100333,12825,33466,13136,105350,19408,17400,33918,61612,0,19797,0,0,1,50182,81807,31619,7434,22277,0,58205,16409,13959,0,0,27067,1,0,72651,0,95581,49621,77332,51794,0,50825,1,4344,30896,18744,3,0,137857,0,1,0,0,8317,5224,11,6446,25575,29166,14838,0,41688,9565,1,87129,135750
"Animalia","Chordata","Teleostei","Pleuronectiformes","Pleuronectidae","Limanda","Limanda limanda","GG01_000039697",0.97,0.970588235294118,362,0,0,0,0,0,2,0,0,0,0,4,0,0,0,4,2,4,6,3,7,0,0,0,37,1,6,47,25,9,19,0,0,2,43,0,14,6,12,7,0,72,5,10,11,0,0,0,0,0,0,3,0,0,0,0,0,0,0,0,0,0,0,0,0,0,0,0,0,0,0,0,0,0,0,0,0,0,0,0,0,0,0,0,1,0,0,0,0,0,0,0,0,0,0,0
"Animalia","Chordata","Teleostei","Pleuronectiformes","Scophthalmidae","Scophthalmus","Scophthalmus maximus","GG01_006602936",1,1,949,0,0,0,0,0,0,0,0,0,0,0,0,0,0,0,0,0,0,0,0,0,0,0,0,0,0,0,0,0,0,0,0,0,0,0,0,0,0,0,0,0,0,0,0,0,0,0,0,0,0,0,0,0,0,0,0,0,0,0,0,0,0,0,0,0,0,0,0,0,0,0,0,0,0,0,0,0,0,0,0,0,0,0,0,0,0,0,0,0,0,0,0,0,0,949
"Animalia","Chordata","Teleostei","Salmoniformes","Salmonidae","Salmo","Salmo salar","GG01_000918763",0.906,0.897142857142857,13349111,210207,15991,1,548,15457,107504,60808,131072,78205,0,164330,0,73257,130061,128177,143656,196746,312484,148520,144943,17445,644779,447868,341897,149516,477945,518582,714858,463433,445971,12,0,194259,476528,432522,161450,569377,550561,699850,27557,1106349,252838,306204,411522,2,43226,0,0,230739,44198,202202,3,10,2,1,2,184001,8351,0,1,3,2,0,14108,0,1,1,4,14568,0,1,43573,2,16605,19419,13024,26476,1,0,0,1,108054,0,376716,201327,2,2,2,1,2,1,0,298460,30465,262
"Animalia","Chordata","Teleostei","Salmoniformes","Salmonidae",NA,NA,"GG01_001195700",0.872832369942196,0.872832369942196,32,2,0,0,0,0,0,0,0,0,0,0,0,0,0,2,0,1,1,0,0,0,0,0,1,0,1,0,0,0,0,0,0,0,0,3,6,4,0,0,0,0,0,5,1,0,0,0,0,0,3,0,0,0,0,0,0,1,0,0,0,0,0,0,0,0,0,0,0,0,0,0,0,0,0,1,0,0,0,0,0,0,0,0,0,0,0,0,0,0,0,0,0,0,0,0
"Animalia","Chordata","Teleostei","Salmoniformes","Salmonidae","Salvelinus","Salvelinus alpinus","GG01_006601903",0.994,0.994117647058824,469,0,0,0,0,0,0,0,0,0,0,0,0,0,0,0,0,0,0,0,0,0,0,0,0,0,0,0,0,0,0,0,0,0,0,0,0,0,0,0,0,0,0,0,0,0,0,0,0,0,0,0,0,0,0,0,0,0,0,0,0,0,0,0,0,0,0,0,0,0,0,0,0,0,0,0,0,0,0,0,0,0,0,0,0,0,0,0,0,0,0,0,0,0,0,469
"Animalia","Chordata","Teleostei","Perciformes","Scombridae","Scomber","Scomber scombrus","GG01_006096388",1,1,85974,0,0,0,0,0,0,0,0,0,0,0,0,0,0,0,0,0,1,0,0,0,0,0,0,0,0,0,0,0,0,0,0,0,0,0,0,0,0,0,0,0,0,0,0,0,0,0,0,0,0,0,0,0,0,0,0,0,0,0,0,0,0,0,0,0,0,0,0,0,0,0,0,0,0,0,0,0,0,0,0,0,0,0,44296,0,23537,0,0,0,0,8000,10140,0,0,0
"Animalia","Chordata","Teleostei","Perciformes","Ammodytidae","Ammodytes|Hyperoplus","Ammodytes marinus|Hyperoplus lanceolatus|Ammodytes tobianus","GG01_002828000",0.965,0.953216374269006,60827,0,0,0,0,0,0,0,0,5344,0,0,0,0,0,0,0,0,9379,0,0,0,0,0,0,0,0,0,0,0,0,0,0,0,0,0,0,0,0,0,8556,0,0,0,0,0,5482,0,0,0,0,0,0,0,0,0,0,0,0,0,0,0,0,0,0,0,0,0,0,0,0,0,0,0,0,0,0,0,13144,0,0,0,0,0,0,0,0,0,0,0,10172,0,0,0,8750,0
"Animalia","Chordata","Aves","Anseriformes","Anatidae","Somateria","Somateria spp.","GG01_000713782",1,0.884210526315789,1874,0,11,0,0,74,0,0,0,0,0,0,0,0,0,0,0,0,0,0,0,40,0,0,0,0,0,0,0,0,0,0,0,0,0,0,0,0,0,0,103,0,0,0,0,0,104,0,0,0,0,0,0,4,0,0,0,0,0,0,0,607,691,0,0,0,0,0,0,91,0,53,0,0,0,96,0,0,0,0,0,0,0,0,0,0,0,0,0,0,0,0,0,0,0,0
"Animalia","Chordata","Aves","Charadriiformes","Scolopacidae","Calidris","Calidris maritima","GG01_001032551",1,0.912087912087912,210,0,0,0,0,0,0,0,0,0,0,0,0,0,0,0,0,0,0,0,0,0,0,0,0,0,0,0,0,0,0,0,0,0,0,0,0,0,0,0,0,0,0,0,0,0,0,0,0,0,0,0,0,0,0,0,0,0,0,0,0,0,0,0,0,0,0,0,0,0,0,0,207,0,0,0,0,3,0,0,0,0,0,0,0,0,0,0,0,0,0,0,0,0,0,0
"Animalia","Chordata","Aves","Gaviiformes","Gaviidae","Gavia","Gavia adamsii","GG01_005059044",0.994,0.966850828729282,236,0,0,0,0,0,0,0,0,0,0,0,0,0,0,0,0,0,0,0,0,0,0,0,0,0,0,0,0,0,0,0,0,0,0,0,0,0,236,0,0,0,0,0,0,0,0,0,0,0,0,0,0,0,0,0,0,0,0,0,0,0,0,0,0,0,0,0,0,0,0,0,0,0,0,0,0,0,0,0,0,0,0,0,0,0,0,0,0,0,0,0,0,0,0,0
"Animalia","Chordata","Chondrichthyes","Chimaeriformes","Chimaeridae","Chimaera","Chimaera monstrosa","GG01_003530171",0.995,0.994565217391304,4135,0,0,0,0,0,0,0,0,0,0,0,0,0,0,0,0,0,0,0,0,0,0,0,0,0,0,0,0,0,0,0,0,0,0,0,0,0,0,0,0,0,0,0,0,0,0,0,0,0,0,0,0,0,0,0,0,0,0,0,0,0,0,0,0,0,0,0,0,0,0,0,0,4135,0,0,0,0,0,0,0,0,0,0,0,0,0,0,0,0,0,0,0,0,0,0
"Animalia","Chordata","Chondrichthyes","Rajiformes","Rajidae","Amblyraja","Amblyraja radiata","GG01_001679429",0.989,0.988950276243094,51,0,0,0,0,0,1,0,0,0,0,0,0,0,0,0,0,0,0,0,0,0,0,0,0,0,0,0,0,0,0,0,0,0,0,0,0,0,0,0,0,0,0,0,0,0,0,0,0,0,3,0,0,0,0,0,22,0,0,0,0,0,0,0,20,0,5,0,0,0,0,0,0,0,0,0,0,0,0,0,0,0,0,0,0,0,0,0,0,0,0,0,0,0,0,0
"Animalia","Chordata","Mammalia","Artiodactyla","Bovidae","Capra","Capra hircus","GG01_001244314",0.953,0.947368421052632,66,0,0,0,0,0,0,0,0,0,0,0,0,0,0,0,0,0,0,0,0,0,0,0,0,0,0,0,0,0,0,0,0,0,66,0,0,0,0,0,0,0,0,0,0,0,0,0,0,0,0,0,0,0,0,0,0,0,0,0,0,0,0,0,0,0,0,0,0,0,0,0,0,0,0,0,0,0,0,0,0,0,0,0,0,0,0,0,0,0,0,0,0,0,0,0
"Animalia","Chordata","Mammalia","Artiodactyla","Bovidae","Bos","Bos taurus","GG01_002460337",0.971,0.970588235294118,16521,0,0,0,0,0,0,0,0,0,0,0,0,0,0,0,0,0,0,0,0,0,0,0,0,0,0,0,0,0,0,0,0,0,0,0,0,0,0,0,0,0,0,0,0,0,0,0,0,0,0,0,0,0,0,0,0,0,0,0,0,0,0,5752,0,10769,0,0,0,0,0,0,0,0,0,0,0,0,0,0,0,0,0,0,0,0,0,0,0,0,0,0,0,0,0,0
"Animalia","Chordata","Mammalia","Artiodactyla","Bovidae","Ovis","Ovis aries","GG01_004431021",1,1,656,0,0,0,0,0,0,0,0,0,0,0,0,0,0,0,0,0,0,0,0,0,0,0,0,0,0,0,0,0,0,0,0,0,0,0,0,0,0,0,0,0,0,0,0,0,0,0,0,0,0,0,0,0,0,0,0,0,0,0,0,0,0,0,0,0,0,0,0,0,0,0,0,0,0,0,656,0,0,0,0,0,0,0,0,0,0,0,0,0,0,0,0,0,0,0
"Animalia","Chordata","Mammalia","Artiodactyla","Suidae","Sus","Sus scrofa","GG01_004480026",1,0.988165680473373,17316,2,0,0,0,0,0,0,0,0,0,0,0,0,1,0,0,0,0,0,0,0,0,0,0,0,0,0,0,0,0,0,0,0,0,0,0,0,197,0,0,0,0,0,0,0,0,0,0,0,16909,0,0,0,0,0,0,0,0,0,0,0,0,0,0,0,0,0,0,0,0,0,0,0,0,0,0,0,0,0,0,0,0,0,0,0,0,0,0,0,0,207,0,0,0,0
"Animalia","Chordata","Mammalia","Carnivora","Phocidae","Phoca","Phoca largha","GG01_004572797",1,1,139,0,0,0,0,0,0,0,0,0,0,0,0,0,0,0,0,0,0,0,0,0,0,0,0,0,0,0,0,0,0,0,0,0,0,0,0,0,0,0,0,0,0,0,0,0,0,0,0,0,0,0,0,0,0,0,0,0,0,0,0,0,0,0,0,0,0,0,0,0,0,0,0,0,0,139,0,0,0,0,0,0,0,0,0,0,0,0,0,0,0,0,0,0,0,0
"Animalia","Chordata","Mammalia","Cetacea","Delphinidae","Lagenorhynchus","Lagenorhynchus obliquidens","GG01_005294862",0.909,0.875706214689266,2676,273,0,0,0,0,0,0,0,0,0,0,0,0,0,0,0,609,0,0,0,1794,0,0,0,0,0,0,0,0,0,0,0,0,0,0,0,0,0,0,0,0,0,0,0,0,0,0,0,0,0,0,0,0,0,0,0,0,0,0,0,0,0,0,0,0,0,0,0,0,0,0,0,0,0,0,0,0,0,0,0,0,0,0,0,0,0,0,0,0,0,0,0,0,0,0
"Animalia","Chordata","Mammalia","Cetacea","Balaenopteridae","Balaenoptera","Balaenoptera acutorostrata","GG01_006098238",0.983,0.988372093023256,119,0,0,0,0,0,0,0,0,0,0,0,0,0,0,0,0,0,0,0,0,0,0,0,0,0,0,0,0,0,0,0,0,0,0,0,0,0,0,0,0,0,0,0,0,0,0,0,0,0,0,0,0,0,0,0,0,0,0,0,0,0,0,0,0,0,0,0,0,0,0,0,0,0,0,0,0,0,0,0,0,0,0,0,119,0,0,0,0,0,0,0,0,0,0,0
"Animalia","Chordata","Mammalia","Cetacea","Delphinidae","Lagenorhynchus","Lagenorhynchus albirostris","GG01_000617685",0.994,0.988372093023256,632,358,0,69,0,0,0,0,0,0,0,29,0,0,0,0,0,0,0,0,0,0,0,0,0,0,0,0,0,0,64,0,0,0,0,0,0,67,0,43,0,0,0,2,0,0,0,0,0,0,0,0,0,0,0,0,0,0,0,0,0,0,0,0,0,0,0,0,0,0,0,0,0,0,0,0,0,0,0,0,0,0,0,0,0,0,0,0,0,0,0,0,0,0,0,0
"Animalia","Chordata","Mammalia","Cetacea","Delphinidae","Orcinus","Orcinus orca","GG01_002610975",0.994,0.994186046511628,18,0,0,0,0,0,0,0,0,0,0,0,0,0,0,0,0,0,0,0,0,0,0,0,0,0,0,0,0,0,0,0,0,0,0,0,0,18,0,0,0,0,0,0,0,0,0,0,0,0,0,0,0,0,0,0,0,0,0,0,0,0,0,0,0,0,0,0,0,0,0,0,0,0,0,0,0,0,0,0,0,0,0,0,0,0,0,0,0,0,0,0,0,0,0,0
"Animalia","Chordata","Mammalia","Cetacea","Phocoenidae","Phocoena","Phocoena phocoena","GG01_000353350",1,1,35174,0,0,0,735,0,2936,308,2560,1846,0,272,0,0,2245,49,20,731,13,1002,1267,116,183,0,9,0,329,0,24,4,0,0,0,64,33,0,56,400,103,433,553,7,96,156,312,0,50,0,0,32,4862,4,461,0,0,20,167,150,9,15,0,45,329,1502,794,109,379,1100,0,3,1,279,1726,1131,0,1941,919,2262,0,0,0,0,0,0,5,0,0,0,0,0,0,17,0,0,0,0
"Animalia","Chordata","Mammalia","Rodentia","Cricetidae","Microtus","Microtus agrestis","GG01_005689724",1,0.952380952380952,18,0,0,0,0,0,0,0,0,0,0,0,0,0,0,0,0,0,0,0,0,0,0,0,0,0,0,0,0,0,0,0,0,0,0,0,0,0,0,0,0,0,0,0,0,0,0,0,0,0,0,0,0,0,18,0,0,0,0,0,0,0,0,0,0,0,0,0,0,0,0,0,0,0,0,0,0,0,0,0,0,0,0,0,0,0,0,0,0,0,0,0,0,0,0,0
"Animalia","Echinodermata","Echinoidea",NA,NA,NA,NA,"GG01_006171588",0.634285714285714,0.634285714285714,334,0,0,0,0,0,0,0,0,0,0,0,0,0,0,0,0,0,0,0,0,0,0,0,0,0,0,0,0,0,0,0,0,0,0,0,0,0,0,0,0,0,0,0,0,0,0,0,0,0,0,0,0,0,0,0,0,0,0,0,0,0,0,0,0,0,0,0,0,0,0,0,0,0,0,0,0,0,0,0,0,0,0,0,301,0,9,0,24,0,0,0,0,0,0,0
