"kingdom","phylum","class","order","family","genus","species","id","annotated_pident","best_identity","tot_reads","X2018625_1.EB31.05.19","X2018625_15","X2018625_2.LB29.05.19","X2018625_21","X2018625_22","X2018625_24","X2018625_25","X2018625_26","X2018625_29","X2018625_3","X2018625_32","X2018625_33","X2018625_34","X2018625_37","X2018625_39","X2018625_40","X2018625_41","X2018625_5","X2018625_8","X2020611_131","X2020611_132","X2020611_133","X2020611_134","X2020611_135","X2020611_136","X2020611_139","X2020611_140","X2020611_141","X2020611_142","X2020611_143","X2020611_144","X2020611_145","X2020611_147","X2020611_148","X2020611_149","X2020611_150","X2020611_151","X2020611_152","X2020611_EB11042022","X2020611_LB11042022","X2020611_LB13042022","X2021607_146","X2021607_148","X2021607_149","X2021607_150","X2021607_151","X2021607_152","X2021607_153","X2021607_154","X2021607_157","X2021607_158","X2021607_159","X2021607_160","X2021607_161","X2021607_162","X2021607_163","X2021607_164","X2021607_165","X2021607_176","X2021607_183","X2021607_184","X2021607_185","X2021607_190","X2021607_191","X2021607_192","X2021607_193","X2021607_194","X2021607_195","X2021607_197","X2021607_198","X2021607_1EB190521","X2021607_1LB210521","X2021607_1LB270521","X2021607_220","X2021607_223","X2021607_225","X2021607_226","X2021607_228","X2021607_229","X2021607_230","X2021607_231","X2021607_273","X2021607_284","X2021607_2EB110521","X2021607_EB040821","X2021607_EB100821","X2021607_EB230821","X2021607_LB230821","Mock_v5_NF_br1","Mock_v5_NF_br2","Mock_v5_NF_br3","NTC_NF"
"Animalia","Chordata","Mammalia","Primates","Hominidae","Homo","Homo sapiens","GG01_007416901",0.994,0.810344827586207,144107,0,8,1,75,47,182,34,198,187,438,48,0,11,0,0,32,6,3,656,60925,8084,38,8,244,9177,0,8415,1607,3,248,80,10,0,0,18645,1,0,16,6650,1111,0,175,1,396,267,1,2,0,101,0,206,5710,260,0,16,0,386,40,0,581,815,6,0,1292,643,7230,0,2,0,90,0,57,0,21,21,32,0,49,683,93,1756,698,55,0,0,4966,186,1,79,0,2,0
NA,NA,NA,NA,NA,NA,NA,"GG01_004336253",0.513227513227513,0.513227513227513,7309,0,0,0,0,0,3982,12,40,0,0,20,0,0,0,44,0,274,0,22,0,224,19,33,634,187,283,15,240,39,0,84,0,19,37,3,115,0,2,0,0,0,0,13,19,0,0,0,0,0,0,0,0,52,0,0,0,0,0,96,0,30,208,0,0,2,0,0,19,0,0,0,0,0,0,159,165,0,194,0,0,2,0,0,0,0,0,0,0,22,0,0,0
"Animalia","Chordata","Teleostei","Stomiiformes","Sternoptychidae","Maurolicus","Maurolicus muelleri","GG01_000295911",0.92,0.834285714285714,299026,0,0,0,0,25,0,0,1,0,0,1,0,1,2,0,0,0,1,0,0,0,0,4,0,0,8146,0,0,0,0,0,0,1,1,0,1,0,0,0,0,0,2,0,5,0,0,1,1,1,0,1,1,0,0,1,0,1,0,3,0,0,0,0,0,1,0,0,0,0,1,0,0,0,0,0,2,0,1,1,0,5,0,1,0,0,0,0,0,109891,36025,144897,0
"Animalia","Chordata","Teleostei","Cyprinodontiformes","Aplocheilidae","Epiplatys","Epiplatys dageti","GG01_000225637",1,0.84,65,0,0,0,0,0,0,0,0,0,0,0,0,0,0,0,0,0,0,0,0,0,0,0,0,0,0,0,0,0,0,0,0,0,0,0,0,0,0,0,0,0,0,0,0,0,0,0,0,0,0,0,0,0,0,0,0,0,0,0,0,0,0,0,0,0,0,0,0,0,0,0,0,0,0,0,0,0,0,0,0,0,0,0,0,0,0,0,0,58,7,0,0
"Animalia","Chordata","Teleostei",NA,NA,NA,NA,"GG01_004713270",0.857142857142857,0.857142857142857,353,0,0,0,0,0,0,0,0,0,0,149,0,0,0,0,1,0,0,0,0,0,0,0,0,0,3,0,0,0,0,0,0,0,0,0,0,0,0,0,0,0,4,0,0,0,0,5,3,3,0,14,14,0,0,4,0,1,9,7,0,2,4,6,0,0,2,0,2,0,2,0,0,0,3,0,50,0,1,0,4,1,0,0,0,0,0,0,0,10,14,35,0
"Animalia","Chordata","Teleostei","Perciformes","Ammodytidae","Ammodytes|Hyperoplus","Ammodytes marinus|Hyperoplus lanceolatus|Ammodytes tobianus","GG01_009279651",0.931,0.92090395480226,27865,0,0,0,0,0,0,0,0,0,0,3,0,0,0,0,0,0,0,0,0,0,0,1,0,0,0,0,0,0,0,0,0,0,0,0,1,0,0,0,0,0,15325,0,0,1,1,0,1,0,0,556,8254,0,0,0,0,0,3710,2,0,0,0,0,0,0,0,0,1,2,0,0,0,0,0,0,0,0,0,0,1,0,0,0,0,0,0,0,0,2,0,4,0
"Animalia","Chordata","Teleostei","Perciformes","Pholidae","Pholis","Pholis gunnellus","GG01_001169249",0.981,0.850574712643678,1212904,0,4491,1,1,59,26721,0,4600,7201,0,63,0,23400,10519,16781,0,0,0,0,7,133,2,15673,0,3,4,3,0,8313,1,5673,2,13419,2161,21247,26901,1,10578,0,0,0,4064,17402,23866,2884,10571,24553,14,30440,63,18888,9047,0,4642,27831,15463,16867,6681,33857,0,7405,11173,3417,9,3,4,1,5535,20011,3419,1,0,1,12770,11,3363,1945,20412,2121,21824,71881,0,0,0,0,0,2,0,218174,135040,229291,0
"Animalia","Chordata","Teleostei","Clupeiformes","Clupeidae","Clupea","Clupea harengus","GG01_007140146",0.932,0.931818181818182,105298,0,0,0,0,0,0,0,0,21,0,1,0,4105,4386,5119,0,0,0,0,4244,0,0,4931,0,0,5004,1,732,9055,4877,2644,0,11227,4132,0,4940,0,0,0,0,0,0,0,1,4,3,616,1,635,1,0,1,0,0,0,0,4,1523,0,0,0,0,0,0,1,0,0,0,1381,2,0,0,0,1,216,10706,5554,0,3722,12241,3134,0,0,0,0,1,1,0,67,8,55,0
"Animalia","Chordata","Teleostei","Clupeiformes","Clupeidae","Clupea","Clupea harengus","GG01_008064849",0.943,0.942857142857143,429,0,0,0,0,0,0,0,0,0,0,0,0,0,0,0,0,0,0,0,0,0,0,4,0,0,0,0,0,0,1,0,0,0,0,0,0,0,0,0,0,0,0,0,0,0,0,3,0,23,0,0,0,0,0,0,0,0,24,0,0,0,0,0,0,0,0,0,0,0,0,0,0,0,0,0,13,107,0,240,11,3,0,0,0,0,0,0,0,0,0,0,0
"Animalia","Chordata","Teleostei","Cypriniformes","Cyprinidae","Trigonostigma","Trigonostigma espei","GG01_000657818",0.977,0.977272727272727,369,0,0,0,0,0,0,0,0,0,0,0,0,0,0,0,0,0,1,0,0,0,0,0,0,0,0,1,0,1,0,0,0,0,0,0,0,2,1,0,0,0,0,0,0,0,0,0,2,0,0,0,0,1,0,0,0,0,0,0,0,1,1,0,1,0,0,0,0,2,0,0,0,0,0,0,0,0,0,0,0,0,0,0,0,0,0,0,0,96,89,170,0
"Animalia","Chordata","Teleostei","Cyprinodontiformes","Poeciliidae","Poecilia","Poecilia sphenops","GG01_001556730",0.966,0.965714285714286,4428,39,69,58,31,39,59,92,76,53,47,50,58,47,43,34,68,76,55,54,43,41,38,65,70,44,27,40,28,58,21,64,27,39,31,40,63,63,50,76,62,60,71,54,55,67,56,22,31,46,64,16,80,46,57,33,45,72,54,61,64,60,39,13,60,44,84,13,46,65,67,44,51,34,46,49,71,17,42,34,57,57,57,40,31,22,21,65,28,0,18,2,59
"Animalia","Chordata","Teleostei","Gadiformes","Gadidae","Ciliata","Ciliata mustela","GG01_008276437",0.948,0.846590909090909,15455,0,0,0,0,0,0,0,0,0,0,0,0,0,0,0,0,0,0,0,1,0,0,0,0,0,0,0,0,0,0,0,0,0,0,0,0,0,0,0,0,0,0,0,0,0,121,0,0,0,0,0,4,0,1,0,0,0,0,1,0,0,0,2,15289,0,0,0,0,0,0,0,0,0,0,0,0,0,0,32,0,0,0,0,0,0,0,0,0,0,0,4,0
"Animalia","Chordata","Teleostei","Gadiformes","Gadidae","Brosme","Brosme brosme","GG01_000540525",0.971,0.898876404494382,148121,0,0,0,0,11,0,0,1,0,0,13,0,0,2,2,1,1,1,0,0,19300,1,1,0,0,2,0,0,0,0,3,0,7,0,5,8,0,1,0,0,0,1,4,1,3,2,3,6,5,0,0,4,0,0,1,5,6,1,5728,0,0,1,2,3,1,2,0,2,3,1,0,0,0,5,2,20,3,16,3,5,20,0,0,0,0,0,0,0,32140,29590,61172,0
"Animalia","Chordata","Teleostei","Gadiformes",NA,NA,NA,"GG01_003179757",0.888888888888889,0.888888888888889,765,0,1,0,0,0,0,0,0,0,0,2,0,0,27,0,0,11,0,0,0,0,0,1,0,0,1,0,1,0,0,0,0,2,0,0,0,0,0,0,0,0,2,15,25,0,0,0,4,10,1,1,0,0,0,1,0,14,14,7,4,1,28,0,42,1,5,0,0,94,100,0,0,0,71,0,84,0,7,30,137,5,0,0,0,0,0,0,0,3,3,10,0
"Animalia","Chordata","Teleostei","Gadiformes","Gadidae","Gadus","Gadus morhua","GG01_008060607",0.917,0.912280701754386,6763215,5,41707,1,1,24,19,5,39096,2,5,509269,1,10,67381,21896,32857,23804,8,4,20104,25808,11163,30412,12912,22083,53924,12463,25188,46902,23744,12441,4,205252,59301,46213,72959,0,34468,0,2,0,56671,59187,95091,65400,94649,80007,78645,101841,24161,36053,84213,2,6,37995,101044,94560,97865,170130,8489,88972,122998,35277,137591,65106,92697,5384,124373,169114,211666,0,0,5,230216,50005,716950,46929,492242,173864,380350,618049,0,1,5,0,2,2,0,82678,61709,119581,2
"Animalia","Chordata","Teleostei","Perciformes","Stichaeidae","Anisarchus|Leptoclinus","Anisarchus medius|Leptoclinus maculatus","GG01_000056790",0.938,0.840909090909091,40,0,0,0,0,0,0,0,0,0,0,0,0,0,0,0,0,0,0,0,0,0,0,0,0,0,0,0,0,0,0,0,0,0,0,0,0,0,0,0,0,0,0,0,0,0,0,0,0,0,0,0,0,0,0,0,0,0,0,0,0,0,0,0,0,0,0,0,0,0,0,0,0,0,0,0,0,0,0,0,0,0,0,0,0,0,0,0,0,6,2,32,0
"Animalia","Chordata","Teleostei","Pleuronectiformes","Pleuronectidae","Lyopsetta","Lyopsetta exilis","GG01_001842793",0.902,0.878612716763006,174,0,0,0,0,0,0,0,0,0,0,99,0,0,0,0,0,0,0,0,1,0,0,1,0,0,1,0,0,1,0,0,0,0,0,0,0,0,0,0,0,0,0,0,0,0,0,2,3,11,0,0,0,0,0,0,0,2,0,0,0,0,4,1,1,0,1,0,0,0,2,0,0,0,1,0,17,0,0,0,4,0,0,0,0,0,0,0,0,4,7,11,0
"Animalia","Chordata","Teleostei","Gadiformes","Gadidae","Boreogadus","Boreogadus saida","GG01_001926138",0.945,0.906976744186046,323,0,0,0,0,0,0,0,0,0,0,7,0,0,7,0,0,2,0,0,0,0,0,0,0,0,0,0,0,0,0,0,0,0,0,0,0,0,0,0,0,0,1,6,9,0,1,1,0,12,0,0,0,0,0,0,0,10,14,4,0,0,7,1,4,1,2,0,0,34,46,0,0,0,37,0,32,0,22,24,26,11,0,0,0,0,0,0,0,0,0,2,0
"Animalia","Chordata","Teleostei","Gadiformes","Gadidae","Raniceps","Raniceps raninus","GG01_005987152",1,0.913793103448276,2573,0,0,0,0,0,0,0,0,0,0,0,0,0,0,0,0,0,0,0,0,0,0,0,0,0,0,0,0,0,0,0,0,0,0,0,0,0,0,0,0,0,0,0,0,0,0,0,0,0,0,0,0,0,0,0,0,0,0,0,0,0,0,0,0,0,0,2571,0,0,2,0,0,0,0,0,0,0,0,0,0,0,0,0,0,0,0,0,0,0,0,0,0
"Animalia","Chordata","Teleostei","Gadiformes","Gadidae","Gadiculus","Gadiculus argenteus","GG01_004041989",0.994,0.884393063583815,5004,0,0,0,0,0,0,0,1,0,0,0,0,0,0,0,0,0,0,0,0,0,0,0,0,0,0,0,0,0,0,0,0,0,0,0,0,0,0,0,0,0,0,0,0,0,0,0,0,0,0,0,0,0,0,0,0,0,0,1,0,0,0,5000,0,0,0,0,0,0,0,0,0,0,0,0,1,0,0,0,0,1,0,0,0,0,0,0,0,0,0,0,0
"Animalia","Chordata","Teleostei","Gadiformes","Gadidae","Enchelyopus","Enchelyopus cimbrius","GG01_011006452",1,0.86046511627907,8334,0,0,0,0,0,0,0,0,0,0,0,0,0,0,0,0,0,0,0,0,0,0,0,0,0,0,0,0,0,0,0,0,0,0,0,0,0,0,0,0,0,0,0,0,0,0,0,0,0,0,0,0,0,0,0,0,0,0,0,0,0,8334,0,0,0,0,0,0,0,0,0,0,0,0,0,0,0,0,0,0,0,0,0,0,0,0,0,0,0,0,0,0
"Animalia","Chordata","Teleostei","Gadiformes","Gadidae","Ciliata","Ciliata septentrionalis","GG01_008045003",1,0.88953488372093,19710,0,0,0,0,0,0,0,0,0,0,1,0,0,0,0,0,0,0,0,0,0,0,0,0,0,0,0,0,0,0,0,0,0,0,0,0,0,0,0,0,0,0,0,0,0,18536,0,0,3,0,1,0,0,0,0,0,0,0,0,0,0,0,0,0,0,0,0,0,0,0,0,0,0,0,0,0,0,0,1168,0,0,0,0,0,0,0,0,0,1,0,0,0
"Animalia","Chordata","Teleostei","Gadiformes","Gadidae","Melanogrammus|Merlangius","Melanogrammus aeglefinus|Merlangius merlangus","GG01_004990924",0.936,0.905027932960894,164908,0,0,0,0,0,0,0,2,0,0,5200,0,0,2,1,0,0,1,0,0,1347,7751,3,1,1,19091,9519,1,3,0,9519,0,6,3,2,4,0,3,0,0,0,9,6,7,3,6,3,11,10473,0,452,3,0,0,4,4897,3,2,5010,2,4,31833,3632,12,3,24796,0,2,4,5948,0,0,0,11,2,3291,2,14868,2306,4729,29,0,0,0,0,0,0,0,15,29,41,0
"Animalia","Chordata","Teleostei","Gadiformes","Gadidae",NA,NA,"GG01_001752550",0.898876404494382,0.898876404494382,12,0,0,0,0,0,0,0,0,0,0,5,0,0,0,0,0,0,0,0,0,0,0,0,0,0,0,0,0,0,0,0,0,0,0,0,0,0,0,0,0,0,0,0,0,0,0,0,0,0,0,0,0,0,0,0,0,0,0,0,0,0,0,0,0,0,0,0,0,0,0,0,0,0,0,0,3,0,3,0,1,0,0,0,0,0,0,0,0,0,0,0,0
"Animalia","Chordata","Teleostei","Gadiformes","Gadidae","Boreogadus","Boreogadus saida","GG01_001338213",0.937142857142857,0.937142857142857,21,0,0,0,0,0,0,0,0,0,0,6,0,0,0,0,0,0,0,0,0,0,0,0,0,0,0,0,0,0,0,0,0,0,0,0,0,0,0,0,0,0,0,0,0,0,0,0,0,1,0,0,0,0,0,0,0,0,0,3,0,0,3,0,0,0,0,0,0,0,0,0,0,0,0,0,5,0,2,0,0,0,0,0,0,0,0,0,0,0,0,1,0
"Animalia","Chordata","Teleostei","Gadiformes","Gadidae","Arctogadus","Arctogadus glacialis","GG01_000094608",0.971,0.970588235294118,239,0,1,0,0,0,0,0,0,0,0,79,0,0,1,0,0,0,0,0,0,0,0,0,0,0,0,0,0,0,0,0,0,0,0,0,1,0,0,0,0,0,0,2,0,0,0,2,1,1,1,0,1,0,0,0,1,26,0,7,0,0,0,0,0,1,0,0,2,0,4,0,0,0,2,0,56,0,7,1,3,14,0,0,0,0,0,0,0,8,1,16,0
"Animalia","Chordata","Teleostei","Gadiformes","Gadidae","Gadus","Gadus morhua","GG01_001014766",0.872093023255814,0.872093023255814,48,0,0,0,0,0,0,0,0,0,0,0,0,0,0,0,0,0,0,0,0,0,0,0,0,0,0,0,0,0,0,0,0,0,0,0,0,0,0,0,0,0,0,0,0,0,0,0,0,3,0,0,0,0,0,0,0,0,0,0,0,0,0,0,0,0,0,0,0,7,0,0,0,0,0,0,0,0,0,0,0,8,0,0,0,0,0,0,0,4,2,24,0
"Animalia","Chordata","Teleostei","Gadiformes","Gadidae","Micromesistius","Micromesistius poutassou","GG01_000274428",0.988,0.988372093023256,19356,0,0,0,0,0,0,0,0,0,0,0,0,0,0,0,0,0,0,0,0,0,0,0,0,0,0,0,0,0,0,0,0,0,0,0,0,0,0,0,0,0,0,8755,1,0,0,1,0,0,0,0,1,0,0,0,0,0,1,0,3,0,0,0,0,10586,0,0,0,0,0,0,0,0,0,0,2,0,0,0,2,0,0,0,0,0,0,0,0,3,1,0,0
"Animalia","Chordata","Teleostei","Gadiformes","Gadidae","Pollachius","Pollachius virens","GG01_001120083",0.942,0.941860465116279,360462,0,1,0,0,0,0,0,1,0,0,32,0,0,16112,0,2,9061,0,0,1,1,5,1,2,1,9,2,0,2,0,8144,3,7,0,2,0,0,5,0,0,0,33172,7612,15107,8,4,3,2292,4449,1,2,5,0,0,7,6,5997,11143,13,16944,3,17027,2393,21451,14637,15759,1425,10,44939,33194,0,0,0,20159,3,9228,0,13,7322,42616,24,0,0,0,0,0,0,0,14,63,23,0
"Animalia","Chordata","Teleostei","Gadiformes","Gadidae","Trisopterus","Trisopterus esmarkii","GG01_010154606",0.992,0.947674418604651,4928,0,0,0,0,0,0,0,0,0,0,0,0,0,1,0,0,0,1,0,0,1,0,0,0,0,0,0,0,0,0,0,0,0,0,0,0,0,0,0,0,0,0,0,0,0,0,0,0,0,0,0,0,0,0,0,0,0,2,0,0,4093,0,0,0,0,0,0,0,0,0,0,0,0,0,0,0,829,0,0,0,0,0,0,0,0,0,0,0,0,0,1,0
"Animalia","Chordata","Teleostei","Perciformes","Gobiidae",NA,NA,"GG01_005498532",0.884393063583815,0.884393063583815,55,0,0,0,0,0,0,0,0,0,0,0,0,0,0,0,0,0,0,0,0,0,0,0,0,0,0,0,0,0,0,0,0,0,0,0,0,0,0,0,0,0,0,0,0,0,0,0,0,0,0,0,0,0,0,39,15,0,0,0,0,0,0,0,0,0,0,0,0,0,0,0,0,0,0,0,0,0,0,0,0,1,0,0,0,0,0,0,0,0,0,0,0
"Animalia","Chordata","Teleostei","Perciformes","Gobiidae","Pomatoschistus","Pomatoschistus minutus","GG01_005496036",0.918,0.919540229885057,18849,0,0,0,0,0,0,0,0,0,0,0,0,0,0,0,0,0,0,0,0,0,0,0,0,0,0,0,0,1,0,0,0,0,0,0,0,0,0,0,0,0,0,0,0,0,0,0,0,0,0,0,0,0,0,11663,3525,0,0,0,0,0,0,0,0,0,0,0,0,0,0,0,0,0,0,0,0,0,0,0,0,3660,0,0,0,0,0,0,0,0,0,0,0
"Animalia","Chordata","Teleostei","Perciformes","Gobiidae","Crystallogobius","Crystallogobius linearis","GG01_008410323",1,1,10100,0,0,0,0,0,0,0,0,0,0,0,0,0,0,0,0,0,0,0,0,0,0,0,0,0,0,0,0,0,0,0,0,0,0,0,0,0,0,0,0,0,0,0,0,0,0,0,0,0,0,0,0,0,0,0,0,1,0,0,0,0,2486,0,0,0,0,0,0,0,0,0,0,0,0,0,1,0,0,0,7612,0,0,0,0,0,0,0,0,0,0,0,0
"Animalia","Chordata","Teleostei","Osmeriformes",NA,NA,NA,"GG01_002679648",0.878453038674033,0.878453038674033,679,0,2,0,0,0,0,0,0,0,0,0,0,0,0,0,0,0,1,0,3,7,3,7,8,11,0,4,0,0,1,0,0,3,0,0,1,0,0,0,0,0,13,36,41,1,12,1,31,18,47,11,45,0,6,3,17,8,44,17,0,0,0,0,0,0,0,0,0,0,0,0,0,0,7,72,8,67,0,55,13,6,0,0,0,0,0,0,0,11,12,26,0
"Animalia","Chordata","Teleostei","Osmeriformes","Osmeridae","Mallotus","Mallotus villosus","GG01_004014184",0.952,0.952662721893491,15894731,3,28540,2,1,21,4,6,7,3,1,100009,0,12166,10,8,2,10,5441,1,83179,111757,64761,169837,71178,88601,8,34505,6316,5,31536,13,0,12291,8,9,5542,0,3081,1,1,1,349919,983594,768692,537407,1084434,276968,338909,933138,350289,418255,869613,122334,115114,841783,604130,668874,607835,950959,0,2415,10,2243,13914,8,3,864,12,6179,1163,0,0,4,349120,781369,230442,820493,117712,1291909,257417,136584,0,1,0,0,1,8,0,83473,41210,107065,0
"Animalia","Chordata","Teleostei","Scorpaeniformes","Cottidae","Artediellus|Icelus","Artediellus atlanticus|Icelus cataphractus|Icelus spatula","GG01_000531741",0.946,0.947058823529412,303,0,0,0,0,0,0,0,0,0,0,0,0,0,0,0,0,0,0,0,0,0,0,0,0,0,0,0,0,0,0,0,0,0,0,0,0,0,0,0,0,0,0,0,0,0,0,0,0,0,0,0,0,0,0,0,0,0,0,0,0,0,0,0,0,0,0,0,0,0,0,0,0,0,0,0,0,0,0,0,0,0,0,0,0,0,0,0,0,196,0,107,0
"Animalia","Chordata","Teleostei","Scorpaeniformes","Liparidae","Liparis","Liparis montagui","GG01_007631223",0.93,0.912790697674419,34,0,0,0,0,0,0,0,0,0,0,0,0,0,0,0,0,0,0,0,0,0,0,0,0,0,0,0,0,0,0,0,0,0,0,0,0,0,0,0,0,0,0,0,0,0,0,0,0,3,0,0,0,0,0,0,0,0,0,17,0,0,0,0,0,0,0,0,0,0,0,0,0,0,14,0,0,0,0,0,0,0,0,0,0,0,0,0,0,0,0,0,0
"Animalia","Chordata","Teleostei","Scorpaeniformes","Cottidae","Artediellus","Artediellus scaber","GG01_000655182",0.988,0.95906432748538,19451,0,0,0,0,0,0,0,0,0,0,2,0,0,19275,0,0,0,0,0,0,0,0,0,0,0,0,0,0,0,0,0,0,0,0,0,0,0,0,0,0,0,1,0,0,0,0,0,0,0,0,0,0,0,0,0,0,0,0,0,0,0,0,0,0,0,0,0,0,0,0,0,0,0,1,0,2,0,1,0,0,0,0,0,0,0,0,0,0,20,73,76,0
"Animalia","Chordata","Teleostei","Scorpaeniformes","Cottidae","Triglops","Triglops murrayi|Triglops pingelii","GG01_001114991",0.953,0.912280701754386,30,0,0,0,0,0,0,0,0,0,0,0,0,0,0,0,0,0,0,0,0,0,0,0,0,0,0,0,0,0,0,0,0,0,0,0,0,0,0,0,0,0,0,0,0,0,0,0,0,0,0,0,0,0,0,0,0,0,0,0,0,0,0,0,0,0,0,0,0,0,0,0,0,0,0,0,0,0,0,0,0,0,0,0,0,0,0,0,0,0,0,30,0
"Animalia","Chordata","Teleostei","Scorpaeniformes","Cottidae","Myoxocephalus","Myoxocephalus scorpius","GG01_001353294",0.911,0.912280701754386,239790,1,0,0,0,11,0,0,0,1,0,17,0,0,0,0,0,1,0,0,1,1,0,3,1,0,2,0,0,0,0,0,0,1,1,1,1,0,1,0,0,0,1,1,1,2,3,2,2,17683,3,10356,5,0,0,22851,4,6,4,6030,0,23489,0,0,0,0,0,0,4,0,2,0,0,0,2,2,4,1,16765,3,2,3,1,0,0,0,0,0,0,54581,32060,55873,0
"Animalia","Chordata","Teleostei","Scorpaeniformes","Cottidae","Triglops","Triglops murrayi","GG01_003879082",1,0.947058823529412,6621,0,0,0,0,0,0,0,0,0,0,0,0,0,1,0,0,0,0,0,0,0,0,0,0,0,0,0,0,0,0,0,0,0,0,0,0,0,0,0,0,0,0,0,0,0,0,6263,0,0,0,0,0,0,0,0,0,0,0,0,0,0,0,0,0,0,0,0,0,0,0,0,0,0,0,0,0,0,0,0,0,0,0,0,0,0,0,0,0,123,98,136,0
"Animalia","Chordata","Teleostei","Perciformes","Anarhichadidae","Anarhichas","Anarhichas spp.","GG01_005196189",0.962,0.936046511627907,438125,0,11202,0,0,1,5,0,1,0,0,9,0,48735,24790,25270,0,3,1,1,0,1,0,2,0,1,1,0,0,3,1,19083,0,27337,6253,2,54551,0,29165,0,0,0,2,4,63361,4,18099,1,4,5,2,405,25940,0,0,7713,3,1,4,8300,0,1,20393,1808,1,0,6,1,1,5,11308,0,0,0,8,1,11,608,16666,3,16546,13,0,0,0,0,1,3,0,199,139,137,0
"Animalia","Chordata","Teleostei","Scorpaeniformes","Cottidae","Taurulus","Taurulus bubalis","GG01_004676460",1,0.988095238095238,21299,0,0,0,0,0,0,0,0,0,0,0,0,0,1,0,0,0,0,0,0,0,0,0,0,0,0,0,0,0,0,1,0,0,0,0,0,0,0,0,0,0,16758,0,0,0,0,1,0,0,0,0,0,0,0,1,0,4531,0,0,0,0,1,0,0,0,0,0,0,0,0,0,0,0,0,0,0,0,0,0,0,0,0,0,0,0,0,0,0,2,1,2,0
"Animalia","Chordata","Teleostei","Scorpaeniformes","Cyclopteridae","Cyclopterus","Cyclopterus lumpus","GG01_000015044",0.994,0.994117647058824,512577,0,0,0,1,7,3,1,0,1,0,19,0,4,5,6,0,1,2,1,1,0,0,3,0,0,2,0,2,7,0,3,0,3,2,4,5,0,5,0,0,0,10253,41229,8,7395,8966,4440,3,24118,100,9502,12,0,12259,31018,29748,38335,15317,42357,0,1,4,2,2,1,4,0,14028,7,0,0,0,0,30475,4,12,0,20760,5135,35955,16306,0,0,0,0,0,0,0,40081,23405,51247,0
"Animalia","Chordata","Teleostei","Gasterosteiformes","Gasterosteidae","Gasterosteus","Gasterosteus aculeatus","GG01_000191793",0.983,0.982558139534884,699,0,0,0,0,0,0,0,0,0,0,0,0,0,0,0,0,0,0,0,0,0,0,0,0,0,0,0,0,0,0,0,0,0,0,0,0,0,0,0,1,0,0,0,0,0,0,0,0,0,0,0,0,0,0,0,0,0,0,0,0,0,0,0,0,0,0,0,0,0,0,0,0,0,0,0,0,0,0,0,0,0,0,0,0,0,0,0,0,368,116,214,0
"Animalia","Chordata","Teleostei","Scorpaeniformes","Liparidae","Careproctus","Careproctus reinhardti","GG01_001007994",1,0.964285714285714,118,0,0,0,0,0,0,0,0,0,0,0,0,0,0,0,0,0,0,0,0,0,0,0,0,0,0,0,0,0,0,0,0,0,0,0,0,0,0,0,0,0,0,0,0,0,0,0,0,0,0,0,0,0,0,0,0,0,0,0,0,0,0,0,0,0,0,0,0,0,0,0,0,0,0,0,0,0,0,0,0,0,0,0,0,0,0,0,0,38,23,57,0
"Animalia","Chordata","Teleostei","Scorpaeniformes","Liparidae","Liparis","Liparis fabricii|Liparis inquilinus|Liparis liparis","GG01_003098290",1,1,155924,0,0,0,0,0,0,0,0,0,0,2,0,2,0,0,0,23639,0,0,0,0,0,0,1,0,3,0,1,1,0,0,0,56168,0,0,3,0,1,0,0,0,3,4,3,0,0,3,1,9337,1,4423,3,0,1,3,0,4,1,17643,0,0,0,0,1,1,0,1,2,1,0,0,0,0,44640,1,3,1,1,0,0,2,0,0,0,0,0,0,0,4,4,11,0
"Animalia","Chordata","Teleostei","Scorpaeniformes","Scorpaenidae","Sebastes","Sebastes spp.","GG01_003221632",0.935672514619883,0.935672514619883,124,0,0,0,0,0,0,0,0,0,0,0,0,0,0,0,0,0,0,0,0,0,0,0,0,0,0,0,0,0,0,0,0,1,0,0,0,0,0,0,0,0,0,0,0,0,0,0,0,0,0,1,0,0,0,16,0,0,0,73,0,0,0,0,0,0,0,0,0,0,0,0,0,0,0,0,1,0,0,25,7,0,0,0,0,0,0,0,0,0,0,0,0
"Animalia","Chordata","Teleostei","Scorpaeniformes","Scorpaenidae","Sebastes","Sebastes spp.","GG01_003769639",0.977,0.965116279069767,7813,0,0,0,0,0,0,0,0,0,0,0,0,0,0,0,0,0,0,0,0,0,0,0,0,0,0,0,0,0,0,0,0,0,0,0,0,0,0,0,0,0,0,20,1,0,0,0,0,0,0,35,0,0,1,1032,0,0,0,3528,0,279,0,0,0,0,0,0,0,379,0,0,0,0,1,0,0,0,0,481,2044,0,0,0,0,0,0,0,0,12,0,0,0
"Animalia","Chordata","Teleostei","Perciformes","Stichaeidae","Leptoclinus","Leptoclinus maculatus","GG01_000000055",1,0.994082840236686,420224,0,0,0,0,12,43049,0,2,15586,0,42,0,6,7,8959,0,0,2,1,0,48,0,15654,1,0,2,1,0,3,2,1,1,3,4,1,4384,0,3,0,0,1,5,13,19,9,12,10,11,16,3,2,13,0,3,10,13,16,12,5988,0,2,566,1795,4,0,3,1,3,4,5,0,0,0,5,9,2108,5,10,7,18,16,0,0,0,0,0,0,0,124163,64953,132617,0
"Animalia","Chordata","Teleostei","Perciformes","Zoarcidae","Lycodes","Lycodes vahlii","GG01_000155293",1,0.988095238095238,18744,0,0,0,0,0,0,0,5219,0,0,1,0,2990,0,2131,0,0,0,0,0,0,0,0,0,0,1,0,0,7774,0,0,0,0,0,0,0,0,0,0,0,0,0,0,2,0,0,0,1,0,0,0,0,0,0,0,0,0,0,0,0,0,1,0,0,0,0,0,0,0,0,0,0,0,0,0,3,0,1,0,0,0,0,0,0,0,0,0,0,169,240,211,0
"Animalia","Chordata","Teleostei","Pleuronectiformes","Pleuronectidae","Hippoglossoides","Hippoglossoides platessoides","GG01_001774084",0.971,0.970588235294118,2301256,4,3,0,0,18618,7,22988,2,1,1,883443,0,33279,42051,22473,15166,9811,70650,4,11455,6,0,108057,0,32666,21782,2,20415,26433,1,1,0,9,6,17466,6,0,4,0,0,0,12,8912,17607,31779,17,31599,15483,79177,3,5419,15,2,1,10712,9220,17039,10,2315,0,38501,35462,41703,3057,3,49008,2185,16258,6,16114,1,0,3,12507,15,70954,3,26,29,30809,77,0,0,0,0,0,2,1,157860,83422,157118,0
"Animalia","Chordata","Teleostei","Pleuronectiformes","Pleuronectidae","Microstomus","Microstomus kitt","GG01_004419749",0.942,0.92,11440,0,0,0,0,0,0,0,0,0,0,2,0,0,0,0,0,1,0,0,0,0,0,0,0,0,0,0,0,0,0,0,0,0,0,0,0,0,0,0,0,0,0,1113,1701,1,0,0,0,1297,0,17,0,0,0,0,0,0,0,0,0,0,0,0,0,0,0,158,0,0,0,0,0,0,0,0,7142,0,0,0,0,0,0,0,0,0,0,0,0,6,1,1,0
"Animalia","Chordata","Teleostei","Pleuronectiformes","Pleuronectidae","Pleuronectes","Pleuronectes platessa","GG01_000035125",0.97,0.970588235294118,966,0,0,0,0,0,0,0,0,0,0,24,0,0,0,0,0,0,0,0,0,0,0,8,0,3,0,0,0,0,0,0,0,0,0,0,0,0,0,0,0,0,0,0,0,11,0,4,3,125,0,8,0,0,0,7,15,23,0,2,0,0,0,0,0,0,0,0,0,0,0,0,0,0,5,0,2,0,0,1,1,0,0,0,0,0,0,0,0,179,101,444,0
"Animalia","Chordata","Teleostei","Pleuronectiformes","Pleuronectidae","Platichthys","Platichthys flesus","GG01_000197358",0.958,0.947368421052632,60,0,0,0,0,0,0,0,0,0,0,0,0,0,0,0,0,0,0,0,0,0,0,0,0,0,0,0,0,0,0,0,0,0,0,0,0,0,0,0,0,0,0,0,0,0,0,0,0,0,0,0,0,0,0,0,0,0,0,0,0,0,0,0,0,0,0,0,0,0,0,0,0,0,0,0,0,0,0,0,0,0,0,0,0,0,0,0,0,60,0,0,0
"Animalia","Chordata","Teleostei","Pleuronectiformes","Pleuronectidae",NA,NA,"GG01_000022126",0.887005649717514,0.887005649717514,112,0,0,0,0,0,0,0,0,0,0,95,0,1,1,0,0,0,4,0,1,0,0,1,0,0,0,0,1,0,0,0,0,0,0,0,0,0,0,0,0,0,0,0,0,0,0,0,0,0,0,0,0,0,0,0,0,0,0,0,0,0,0,0,0,0,0,0,0,0,0,0,0,0,0,0,0,0,0,0,0,0,0,0,0,0,0,0,0,5,1,2,0
"Animalia","Chordata","Teleostei","Pleuronectiformes","Scophthalmidae","Scophthalmus","Scophthalmus maximus","GG01_001160129",1,1,39,0,0,0,0,0,0,0,0,0,0,0,0,0,0,0,0,0,0,0,0,0,0,0,0,0,0,0,0,0,0,0,0,0,0,0,0,0,0,0,0,0,0,0,0,0,0,0,0,0,0,0,0,0,0,0,0,0,0,0,0,0,0,0,0,0,0,0,0,0,0,0,0,0,0,0,0,0,0,0,0,0,0,0,0,0,0,0,0,0,0,39,0
"Animalia","Chordata","Teleostei","Salmoniformes","Salmonidae","Salmo","Salmo salar","GG01_003613990",0.931,0.931428571428571,2211326,2,1,0,0,0,0,19073,0,0,0,21,0,0,3,2,0,1,1,0,2,1,0,10,1,2,1,0,1,3,0,1,0,3,1,0,1,0,8,0,0,0,29846,69857,56354,43859,20487,72143,94785,16302,1,34157,68343,0,1,27331,84587,47617,72231,14863,0,93114,6,13132,175911,107197,35534,19901,134531,422475,232289,0,0,1,93357,24663,22654,21741,11316,6196,13450,11341,0,0,0,0,0,0,1,203,94,315,1
"Animalia","Chordata","Teleostei","Salmoniformes","Salmonidae","Salvelinus","Salvelinus alpinus","GG01_000103544",0.971,0.971428571428571,75,0,0,0,0,0,0,0,0,0,0,0,0,0,0,0,0,0,0,0,0,0,0,0,0,0,0,0,0,0,0,0,0,0,0,0,0,0,0,0,0,0,0,0,0,0,0,0,0,0,0,0,0,0,0,0,0,0,0,0,0,0,0,0,0,0,0,0,0,0,0,0,0,0,0,0,0,0,0,0,0,0,0,0,0,0,0,0,0,22,11,42,0
"Animalia","Chordata","Aves","Charadriiformes","Alcidae","Alca","Alca torda","GG01_009232988",0.994,0.939890710382514,87,0,0,0,0,0,0,0,0,0,0,0,0,0,0,0,0,0,0,0,0,0,0,0,0,0,0,0,0,0,0,0,0,0,0,0,0,0,0,0,0,0,0,0,0,0,0,0,0,0,0,0,0,0,0,0,0,0,87,0,0,0,0,0,0,0,0,0,0,0,0,0,0,0,0,0,0,0,0,0,0,0,0,0,0,0,0,0,0,0,0,0,0
"Animalia","Chordata","Mammalia","Artiodactyla","Bovidae","Bos","Bos taurus","GG01_002413954",1,1,15283,0,0,0,6547,0,0,0,0,0,0,0,0,0,0,0,0,0,0,0,0,0,0,0,0,0,0,0,0,0,0,0,0,0,0,0,0,0,0,0,0,0,0,1,0,0,0,0,0,0,0,0,0,0,0,0,0,1,0,0,0,0,0,0,0,0,0,0,0,0,0,0,0,1,0,0,0,0,0,0,0,8091,0,0,0,0,642,0,0,0,0,0,0
"Animalia","Chordata","Mammalia","Artiodactyla","Bovidae","Capra","Capra hircus","GG01_006157119",1,1,15491,0,0,0,0,0,0,0,0,0,0,0,0,0,0,0,0,0,0,0,0,0,0,0,0,0,0,0,0,0,0,0,0,0,0,0,0,0,0,0,0,0,0,0,0,0,0,0,0,0,0,0,0,0,0,0,0,0,0,0,0,0,0,0,0,0,1,0,0,0,0,0,0,0,0,0,0,0,15489,0,0,0,0,0,0,0,0,0,0,1,0,0,0
"Animalia","Chordata","Mammalia","Artiodactyla","Bovidae","Ovis","Ovis aries","GG01_002374009",0.994,0.994082840236686,5628,0,0,0,0,0,0,0,0,0,0,0,0,0,0,0,0,0,5625,0,0,0,0,0,0,0,0,0,0,0,0,0,0,0,0,0,0,0,0,0,0,0,0,0,0,1,0,0,0,0,0,0,0,0,0,1,0,0,0,0,0,0,0,0,0,0,0,0,0,0,0,0,0,0,0,0,0,0,1,0,0,0,0,0,0,0,0,0,0,0,0,0,0
"Animalia","Chordata","Mammalia","Artiodactyla","Cervidae","Alces","Alces alces","GG01_002990936",0.994,0.976331360946746,1729,0,0,0,0,0,0,0,0,0,0,0,0,0,0,0,0,0,0,0,0,0,0,0,0,0,0,0,0,0,0,0,0,0,0,1728,0,0,0,0,0,0,0,0,0,0,0,0,0,0,0,0,0,0,0,0,0,0,0,0,0,0,0,0,0,0,0,0,0,1,0,0,0,0,0,0,0,0,0,0,0,0,0,0,0,0,0,0,0,0,0,0,0
"Animalia","Chordata","Mammalia","Artiodactyla","Suidae","Sus","Sus scrofa","GG01_002403013",0.971,0.96,28230,0,0,0,0,0,0,0,0,0,7755,0,0,0,0,0,0,0,0,0,0,0,0,0,0,0,0,0,0,0,0,0,0,0,0,0,0,0,0,0,0,0,0,0,0,0,0,0,0,1,0,0,0,0,0,1,0,1,0,0,0,0,0,0,0,0,0,11,0,0,1,0,0,17851,0,0,0,45,0,0,0,2533,0,1,0,0,0,0,28,0,0,2,0
"Animalia","Chordata","Mammalia","Carnivora","Canidae","Canis","Canis lupus","GG01_002345262",0.934,0.88953488372093,165,0,0,160,0,0,0,0,0,0,0,0,0,0,0,0,0,0,0,0,0,0,0,0,0,0,0,0,0,0,0,0,0,0,0,0,0,0,0,0,0,0,0,5,0,0,0,0,0,0,0,0,0,0,0,0,0,0,0,0,0,0,0,0,0,0,0,0,0,0,0,0,0,0,0,0,0,0,0,0,0,0,0,0,0,0,0,0,0,0,0,0,0
"Animalia","Chordata","Mammalia","Carnivora","Phocidae","Pusa","Pusa hispida","GG01_008040437",0.982,0.982456140350877,49,0,0,0,0,0,0,0,0,0,0,0,0,5,0,0,0,0,0,0,0,0,0,0,0,0,0,0,0,0,0,0,0,0,0,0,0,0,0,0,0,0,0,0,0,0,0,0,0,0,0,0,0,0,0,0,0,0,0,0,0,0,0,0,0,0,0,0,0,0,0,0,0,0,0,0,0,0,0,44,0,0,0,0,0,0,0,0,0,0,0,0,0
"Animalia","Chordata","Mammalia","Cetacea","Delphinidae","Orcinus","Orcinus orca","GG01_004350479",0.926,0.846590909090909,183,0,0,0,0,0,0,0,0,0,0,0,0,0,0,0,0,0,0,0,0,0,0,0,0,0,0,0,0,0,0,0,0,0,0,0,0,0,0,0,0,0,0,53,0,0,0,0,0,0,0,0,0,0,0,0,0,0,0,0,0,0,0,0,0,0,0,0,0,0,0,0,0,0,0,130,0,0,0,0,0,0,0,0,0,0,0,0,0,0,0,0,0
"Animalia","Chordata","Mammalia","Cetacea","Balaenopteridae","Balaenoptera","Balaenoptera physalus","GG01_005118930",1,1,20303,0,0,0,0,0,0,0,0,0,0,0,0,0,0,0,0,0,0,0,0,0,0,0,0,0,0,0,0,0,0,0,0,1,0,0,0,0,0,0,0,0,0,0,0,0,0,0,1,0,0,0,0,0,8527,0,0,0,0,0,0,0,0,0,0,0,0,0,0,1,0,0,0,0,534,2975,0,54,0,288,7920,0,0,0,0,0,0,2,0,0,0,0,0
"Animalia","Chordata","Mammalia","Cetacea","Balaenopteridae","Megaptera","Megaptera novaeangliae","GG01_004232954",0.994,0.988304093567251,168,0,0,0,0,0,0,0,0,0,0,0,0,0,0,0,0,0,0,0,0,0,0,0,0,0,0,0,0,0,0,0,0,0,0,0,0,0,0,0,0,0,0,0,0,0,0,0,127,0,0,41,0,0,0,0,0,0,0,0,0,0,0,0,0,0,0,0,0,0,0,0,0,0,0,0,0,0,0,0,0,0,0,0,0,0,0,0,0,0,0,0,0
"Animalia","Chordata","Mammalia","Cetacea","Delphinidae","Cephalorhynchus","Cephalorhynchus heavisidii","GG01_004868772",0.965,0.964912280701754,1756,0,0,0,0,0,0,0,0,0,0,0,0,0,0,0,0,0,0,0,0,0,0,0,0,0,0,0,0,0,0,0,0,0,0,0,0,0,0,0,0,0,0,0,0,0,0,0,0,0,0,0,0,0,0,0,0,0,0,0,0,0,0,0,0,0,0,0,0,0,1756,0,0,0,0,0,0,0,0,0,0,0,0,0,0,0,0,0,0,0,0,0,0
"Animalia","Chordata","Mammalia","Cetacea","Delphinidae","Lagenorhynchus","Lagenorhynchus albirostris","GG01_004697683",1,0.994152046783626,3544,0,0,0,1,0,0,0,0,0,0,0,0,0,0,0,0,0,0,0,0,0,0,0,0,0,0,0,0,0,0,0,0,0,0,0,0,0,0,0,0,0,99,0,0,0,28,0,0,96,0,0,0,0,0,13,105,48,30,241,0,279,162,0,0,67,0,0,0,11,23,0,0,0,95,87,0,196,67,619,1181,96,0,0,0,0,0,0,0,0,0,0,0
"Animalia","Chordata","Mammalia","Cetacea","Phocoenidae","Phocoena","Phocoena phocoena","GG01_001596664",1,1,45463,0,0,0,0,0,4,0,0,0,0,80,0,182,0,4156,0,0,0,0,0,0,376,1231,0,0,0,0,0,4301,0,0,0,2268,0,0,1315,0,0,0,0,0,261,272,4671,0,2930,229,95,703,0,221,1842,150,0,61,269,40,547,8808,0,163,4758,288,210,0,0,0,149,1,2364,0,0,0,80,7,125,5,579,395,557,769,0,0,0,0,0,0,0,0,1,0,0
"Animalia","Chordata","Mammalia","Rodentia","Cricetidae","Lemmus","Lemmus trimucronatus","GG01_002455349",0.97,0.93491124260355,4229,0,0,0,0,0,4229,0,0,0,0,0,0,0,0,0,0,0,0,0,0,0,0,0,0,0,0,0,0,0,0,0,0,0,0,0,0,0,0,0,0,0,0,0,0,0,0,0,0,0,0,0,0,0,0,0,0,0,0,0,0,0,0,0,0,0,0,0,0,0,0,0,0,0,0,0,0,0,0,0,0,0,0,0,0,0,0,0,0,0,0,0,0
"Animalia","Echinodermata","Echinoidea",NA,NA,NA,NA,"GG01_001116193",0.71264367816092,0.71264367816092,1005,0,0,0,0,0,0,0,0,0,0,0,0,0,0,0,0,0,0,0,0,0,0,0,0,0,0,0,0,0,0,0,0,0,0,0,0,0,30,0,0,0,0,0,0,0,0,0,0,0,1,0,0,0,0,0,0,0,0,0,0,0,0,0,0,0,0,0,0,0,0,0,0,0,0,0,0,0,0,0,0,0,0,0,0,0,0,0,0,537,21,416,0
"Animalia","Echinodermata","Echinoidea","Forcipulatida","Asteriidae","Asterias","Asterias rubens","GG01_002637702",1,0.682539682539683,1685,0,0,0,0,0,0,0,0,0,0,0,0,0,0,0,0,0,0,0,0,0,0,0,1,0,0,4,4,0,0,884,0,109,10,0,0,0,0,0,0,0,0,0,1,0,1,0,0,0,0,0,0,0,0,0,671,0,0,0,0,0,0,0,0,0,0,0,0,0,0,0,0,0,0,0,0,0,0,0,0,0,0,0,0,0,0,0,0,0,0,0,0
