"kingdom","phylum","class","order","family","genus","species","id","annotated_pident","best_identity","tot_reads","X2021512_1","X2021512_10","X2021512_100","X2021512_101","X2021512_102","X2021512_103","X2021512_123","X2021512_124","X2021512_125","X2021512_126","X2021512_127","X2021512_128","X2021512_129","X2021512_130","X2021512_131","X2021512_132","X2021512_133","X2021512_155","X2021512_156","X2021512_157","X2021512_158","X2021512_159","X2021512_160","X2021512_161","X2021512_163","X2021512_164","X2021512_165","X2021512_2","X2021512_3","X2021512_32","X2021512_33","X2021512_34","X2021512_35","X2021512_36","X2021512_37","X2021512_38","X2021512_39","X2021512_4","X2021512_40","X2021512_44","X2021512_45","X2021512_46","X2021512_47","X2021512_48","X2021512_49","X2021512_5","X2021512_50","X2021512_51","X2021512_52","X2021512_54","X2021512_6","X2021512_65","X2021512_66","X2021512_67","X2021512_68","X2021512_69","X2021512_70","X2021512_71","X2021512_72","X2021512_73","X2021512_8","X2021512_9","X2021512_95","X2021512_96","X2021512_97","X2021512_98","X2021512_99","X2022624_102","X2022624_110","X2022624_125","X2022624_129","X2022624_130","X2022624_138","X2022624_22","X2022624_29","X2022624_30","X2022624_33","X2022624_41","X2022624_46","X2022624_51","X2022624_60","X2022624_84","X2022624_85","X2022624_86","X2022624_87","X2022624_88","X2022624_89","X2022624_90","X2022624_91","X2022624_92","X2022624_94","X2022624_97","X2022624_99","X2022624_LB23062023","NTC_NL","PC_NL"
"Animalia","Chordata","Mammalia","Primates","Hominidae","Homo","Homo sapiens","GG01_001742378",1,0.754189944134078,255816,214,0,322,1258,3,537,153,2929,0,129,1912,8,1993,2,0,0,0,20,6485,2882,424,146,96,0,431,2873,80,2050,0,16136,22,1294,75,146,497,158,0,0,611,102,163,767,52,13522,3,261,1180,395,22686,103,31,168,68,4491,977,828,181,3448,7155,174,19,0,196,932,5,717,230,1389,2997,541,459,11010,0,462,490,0,2128,0,941,811,23,12,0,135,115,2057,2259,0,24,1121,0,1643,124399,11,49,0
NA,NA,NA,NA,NA,NA,NA,"GG01_002549816",0.551546391752577,0.551546391752577,44266,0,880,159,4,0,121,43,27,406,238,30,28,68,1220,0,0,140,0,75,0,16,0,230,0,113,789,61,114,18,22,8,63,302,1,0,178,68,2,173,167,65,16,19046,46,624,0,37,33,1215,22,4995,1,102,421,4123,364,6,525,1,860,51,0,0,26,16,272,0,0,1543,364,0,184,0,547,51,49,7,0,110,75,656,0,0,1288,7,17,58,0,42,7,83,131,0,338,64,14
"Animalia","Chordata","Teleostei","Stomiiformes","Sternoptychidae","Maurolicus","Maurolicus muelleri","GG01_000669749",0.964,0.826589595375723,351133,0,0,0,0,0,0,0,0,0,0,0,0,0,0,0,0,0,0,2,0,0,0,0,0,0,0,1,0,1,0,0,0,0,0,0,0,0,0,2,0,0,0,0,0,0,0,0,0,0,0,0,0,0,0,0,0,0,0,0,0,0,0,0,0,0,0,0,0,0,0,38,0,351079,0,0,0,0,0,0,0,10,0,0,0,0,0,0,0,0,0,0,0,0,0,0,0
"Animalia","Chordata","Teleostei","Perciformes","Pholidae","Pholis","Pholis gunnellus","GG01_000997684",1,0.873563218390805,560520,0,33410,0,0,0,12620,2669,0,0,23100,0,39225,0,0,0,0,0,0,0,0,0,0,8435,0,0,2125,0,19887,1,0,0,0,1454,0,0,0,0,0,24375,0,0,6704,0,0,0,0,44311,41746,0,0,45759,0,2986,0,32841,1,0,0,0,0,0,0,0,1330,0,0,0,0,0,0,21,0,175720,2,0,0,2215,0,0,0,4,0,0,0,0,0,1,0,0,1223,0,0,0,0,0,38355
"Animalia","Echinodermata","Echinoidea","Paxillosida","Astropectinidae","Psilaster","Psilaster cassiope","GG01_002030341",0.953,0.675675675675676,149,0,0,0,0,0,0,0,0,0,0,0,0,0,0,0,0,0,0,0,0,0,0,0,0,0,0,0,0,0,0,0,0,0,0,0,0,0,0,0,0,0,0,0,0,0,0,0,0,0,0,0,0,0,0,0,0,0,0,0,0,0,0,0,0,0,0,0,0,0,0,1,0,0,0,0,0,7,0,0,0,0,0,0,141,0,0,0,0,0,0,0,0,0,0,0,0
"Animalia","Chordata","Teleostei",NA,NA,NA,NA,"GG01_000652294",0.755681818181818,0.755681818181818,3189,0,0,0,0,0,0,0,0,0,0,0,0,0,0,0,0,0,0,0,0,0,0,0,0,0,0,0,0,0,0,0,0,0,0,0,0,0,0,0,0,0,0,0,0,0,0,0,0,0,0,0,0,0,0,0,0,0,0,0,0,0,0,0,0,0,0,0,0,0,0,1,0,3188,0,0,0,0,0,0,0,0,0,0,0,0,0,0,0,0,0,0,0,0,0,0,0
"Animalia","Chordata","Teleostei","Osmeriformes","Argentinidae","Argentina","Argentina silus","GG01_001723667",1,0.982456140350877,64542,0,0,0,0,0,0,0,0,0,0,0,0,0,0,0,0,0,0,0,0,0,0,0,0,0,0,0,0,0,0,0,0,0,0,0,0,0,0,0,0,0,0,0,0,0,0,0,0,5892,0,0,0,54,0,0,0,0,0,0,0,0,0,0,0,0,0,0,0,0,0,0,0,0,0,0,0,18991,0,0,0,1,1948,0,32750,0,0,0,0,0,0,0,0,3349,1557,0,0
"Animalia","Chordata","Teleostei","Clupeiformes","Clupeidae","Clupea","Clupea harengus","GG01_001387950",0.942,0.942528735632184,2485281,8333,0,0,35107,23167,0,0,72759,0,0,0,24142,10321,13799,1,2,1,72157,1,10230,3,2,13226,31183,12720,0,11732,0,0,34349,43551,251967,1,123295,0,13819,1,1,26456,43565,0,0,0,0,37201,0,33479,47938,0,0,26238,0,24834,0,2,1,0,14053,0,0,0,0,0,0,25143,1,15348,1,100691,0,5,0,2644,89101,15637,156839,45798,0,7664,31194,61444,1,2,15073,82787,165347,19571,1,53638,195428,19317,12636,162388,128766,19178,1
"Animalia","Chordata","Teleostei","Gadiformes","Gadidae","Arctogadus","Arctogadus glacialis","GG01_000410040",0.924,0.898305084745763,753,6,0,2,22,0,0,0,0,0,0,0,0,0,0,0,0,0,9,0,1,53,0,0,10,0,2,0,0,0,71,1,12,44,60,0,0,6,0,0,1,0,0,0,4,0,2,0,0,0,0,0,0,0,1,3,0,6,0,7,0,2,4,0,3,0,4,1,0,0,0,11,0,88,0,16,4,13,0,0,3,0,4,0,89,0,0,2,1,0,105,0,0,0,80,0,0
"Animalia","Chordata","Teleostei","Gadiformes","Gadidae","Enchelyopus","Enchelyopus cimbrius","GG01_002505272",0.985,0.855491329479769,33122,0,0,0,0,0,0,0,0,0,0,0,0,0,0,0,0,0,0,0,0,0,0,0,0,0,0,0,0,0,0,0,0,0,0,0,0,0,0,0,0,0,0,0,0,0,0,0,0,0,0,0,0,0,0,0,0,0,0,0,0,0,0,0,0,0,0,0,0,0,0,0,0,0,0,0,0,0,0,0,0,0,0,0,33122,0,0,0,0,0,0,0,0,0,0,0,0
"Animalia","Chordata","Teleostei","Gadiformes",NA,NA,NA,"GG01_001250568",0.884393063583815,0.884393063583815,81,2,2,1,0,1,0,0,0,0,0,0,0,0,2,0,0,0,4,0,0,1,0,0,0,0,0,0,0,0,5,0,2,3,8,0,0,0,0,1,0,1,0,0,0,0,0,0,0,0,0,0,0,1,0,1,0,0,0,3,0,0,1,0,5,0,0,0,0,0,0,0,0,2,0,0,0,2,0,0,1,0,2,0,8,0,0,0,0,0,19,0,0,0,3,0,0
"Animalia","Chordata","Teleostei","Gadiformes","Gadidae","Gadiculus","Gadiculus argenteus","GG01_002474686",0.94,0.834285714285714,42028,0,0,0,0,0,0,0,0,0,0,0,0,0,0,0,0,0,0,0,0,0,0,0,0,0,0,0,0,0,0,0,0,0,0,0,0,0,0,0,0,0,0,0,0,0,0,0,0,0,0,0,0,0,0,0,0,0,0,0,0,0,1,0,0,0,0,0,0,0,0,0,0,0,0,0,0,0,0,0,0,0,0,0,42027,0,0,0,0,0,0,0,0,0,0,0,0
"Animalia","Chordata","Teleostei","Gadiformes","Merlucciidae","Merluccius","Merluccius merluccius","GG01_001732410",0.977,0.865497076023392,9179,0,0,0,0,0,0,0,0,0,0,0,0,0,0,0,0,0,0,0,0,0,0,0,0,0,0,0,0,0,0,0,0,0,0,0,0,0,0,0,0,0,0,0,0,0,0,0,0,0,0,0,0,0,0,0,0,0,0,0,0,0,0,0,0,0,0,0,0,0,0,0,0,0,0,0,0,0,0,0,0,0,0,0,0,0,0,0,0,0,0,0,0,9179,0,0,0
"Animalia","Chordata","Teleostei","Gadiformes","Gadidae","Gadus","Gadus morhua","GG01_000357366",1,0.913793103448276,1147261,8561,0,10299,30365,3,0,8534,0,0,0,4,0,4120,1,672,0,0,13140,1,14394,42643,0,0,27691,0,4152,0,0,0,35236,13030,21684,40606,92054,3224,1,24715,0,2,12443,0,12054,1,60310,0,8423,13036,0,9297,0,0,0,0,7865,13465,1,19306,0,53678,1,12365,13743,0,11869,0,11480,18254,0,1,0,19294,1,79598,4,80707,24304,8964,0,5,38702,15,9811,0,87605,12013,1,14399,11746,2,51145,6,0,7222,28984,9,0
"Animalia","Chordata","Teleostei","Gadiformes","Gadidae","Boreogadus","Boreogadus saida","GG01_001433290",0.901,0.902298850574713,35,3,0,0,0,0,0,0,0,0,0,0,0,0,0,0,0,0,0,0,0,4,0,0,0,0,0,0,0,0,2,0,0,0,0,0,0,3,0,0,0,0,0,0,3,0,0,0,0,0,0,0,0,0,0,0,0,0,0,0,0,0,0,0,1,0,1,1,0,0,0,0,0,0,0,0,4,0,0,0,3,0,0,0,1,1,0,0,0,0,5,0,0,0,3,0,0
"Animalia","Chordata","Teleostei","Gadiformes","Gadidae","Ciliata","Ciliata mustela","GG01_003033007",1,0.884393063583815,415,0,0,0,0,0,0,0,0,0,0,0,0,0,0,0,0,0,0,0,0,0,0,0,0,0,0,0,0,0,0,0,0,0,0,0,0,0,0,0,0,0,0,0,0,0,0,415,0,0,0,0,0,0,0,0,0,0,0,0,0,0,0,0,0,0,0,0,0,0,0,0,0,0,0,0,0,0,0,0,0,0,0,0,0,0,0,0,0,0,0,0,0,0,0,0,0
"Animalia","Chordata","Teleostei","Gadiformes","Gadidae","Ciliata","Ciliata septentrionalis","GG01_002239570",1,0.88953488372093,22948,0,0,0,0,0,0,0,0,0,0,0,0,0,0,2091,0,0,0,0,0,0,0,0,0,0,0,0,0,0,0,0,0,0,0,0,0,0,0,0,0,0,0,0,0,0,0,13848,0,0,0,0,0,0,0,0,0,0,0,0,0,0,0,0,0,0,0,0,0,0,0,0,0,0,0,0,0,0,0,0,0,0,7009,0,0,0,0,0,0,0,0,0,0,0,0,0,0
"Animalia","Chordata","Teleostei","Gadiformes","Gadidae","Raniceps","Raniceps raninus","GG01_003425446",1,0.913793103448276,49854,0,0,0,0,0,0,0,0,0,0,0,49853,0,0,0,0,0,0,0,0,0,0,0,0,0,0,0,0,0,0,0,0,0,0,0,0,0,0,0,0,0,0,0,0,0,0,0,0,0,0,0,0,0,0,0,0,0,0,0,0,0,0,0,0,0,0,0,0,0,0,0,0,0,1,0,0,0,0,0,0,0,0,0,0,0,0,0,0,0,0,0,0,0,0,0,0
"Animalia","Chordata","Teleostei","Gadiformes","Gadidae","Melanogrammus|Merlangius","Melanogrammus aeglefinus|Merlangius merlangus","GG01_000589413",0.935,0.935672514619883,6230728,33681,9849,34125,151163,79945,29778,47663,0,2,17348,25500,17586,27695,210236,1148,1,40566,193117,3,13973,132208,1,3627,165456,7301,18267,106946,39580,16131,608371,22767,146585,331277,180589,11901,2811,64864,3234,46611,94881,83232,45517,4,73822,130901,17818,19413,3881,21865,3354,0,20501,38491,19581,47312,52,42639,8250,54263,8967,20837,44294,0,108034,4732,28463,35126,0,16363,12151,231448,0,104976,34,168360,36176,306306,2,74089,112884,29,182496,0,320274,17745,20546,81469,8291,3945,296017,20103,2602,14755,311081,63618,6832
"Animalia","Chordata","Teleostei","Gadiformes","Gadidae","Trisopterus","Trisopterus esmarkii","GG01_004791738",0.992,0.865921787709497,1074321,58102,0,0,7435,60264,0,41084,0,1,29913,0,0,0,10655,0,0,0,17119,0,0,18169,1,0,30705,0,25270,105496,9674,0,43228,6032,12247,29050,4283,0,11970,0,15833,782,10362,0,57287,0,0,70440,35934,0,0,1,12923,0,0,29282,0,6580,0,22164,0,18099,0,10938,1,0,105717,0,0,18326,0,16823,0,31306,0,0,0,36279,1,0,0,7,21472,6,15283,0,0,0,0,0,0,0,5171,3,12602,0,0,1,0
"Animalia","Chordata","Teleostei","Gadiformes","Gadidae","Pollachius","Pollachius virens","GG01_000151996",0.965,0.965317919075145,2372885,10275,37921,115727,51801,108435,1,60165,0,1,26610,104079,69411,80056,1,704,0,72440,0,1,13967,24879,0,16046,2,30185,31285,1,0,58147,16202,10705,1,14337,2,1,794,44210,2,80304,0,0,48108,0,62143,0,15503,27992,16478,20317,0,0,69688,18428,20103,25228,232,0,33865,14204,16206,25128,25389,0,90992,18890,96435,69380,0,47613,0,10775,0,2,1,20,75447,12877,0,64819,24908,45,1,1,7974,43187,84853,6,0,16253,26714,22745,0,1,35051,76824,29361
"Animalia","Chordata","Teleostei","Gadiformes","Gadidae","Micromesistius","Micromesistius poutassou","GG01_001715822",1,1,12050,0,0,0,0,0,0,0,0,0,0,0,0,0,0,0,0,0,0,0,0,0,0,0,0,0,0,0,0,0,0,0,0,0,0,0,0,0,0,0,0,0,0,0,0,0,0,0,0,0,0,0,0,0,0,0,0,0,0,0,0,0,0,0,0,0,0,0,0,0,0,0,0,0,0,0,0,0,0,0,0,0,0,0,0,0,0,0,0,0,0,0,0,12050,0,0,0
"Animalia","Chordata","Teleostei","Gadiformes","Gadidae","Trisopterus","Trisopterus luscus","GG01_000414838",0.935,0.935672514619883,13,0,0,0,0,1,0,0,0,0,0,0,0,0,0,0,0,0,0,0,0,0,0,0,0,0,0,0,0,0,0,0,0,0,0,0,0,0,0,0,0,0,0,0,0,0,0,0,0,0,0,0,0,0,0,0,0,0,0,1,0,0,0,0,8,0,0,1,0,0,0,1,0,0,0,1,0,0,0,0,0,0,0,0,0,0,0,0,0,0,0,0,0,0,0,0,0
"Animalia","Chordata","Teleostei","Gadiformes","Gadidae","Trisopterus","Trisopterus minutus","GG01_000023625",1,1,92942,0,0,0,0,0,0,0,0,0,0,0,0,0,0,0,0,0,0,0,0,0,0,0,0,0,0,0,0,0,0,0,0,0,0,0,0,0,1,0,0,0,0,0,0,0,0,0,0,0,0,0,0,0,0,0,0,0,0,0,0,0,0,0,0,0,0,0,0,0,12541,0,0,0,0,4,0,0,0,10,0,0,0,0,0,0,0,0,0,0,0,80383,0,0,0,3,0
"Animalia","Chordata","Teleostei","Gadiformes","Gadidae","Brosme","Brosme brosme","GG01_000894336",0.953,0.930232558139535,233204,0,0,0,0,18780,0,0,0,0,0,0,0,0,0,0,0,1,0,0,0,0,0,0,0,0,0,0,57353,0,0,8189,0,0,0,0,0,0,0,0,0,0,0,0,0,0,0,0,0,0,0,0,0,12348,0,0,0,0,0,0,0,0,0,0,0,0,0,0,0,0,0,29,0,107845,0,0,0,14643,0,0,0,0,0,0,0,0,0,0,0,0,0,0,14016,0,0,0,0
"Animalia","Chordata","Teleostei","Gadiformes","Gadidae","Molva","Molva molva","GG01_000229864",0.994,0.994186046511628,41953,12908,0,0,0,0,0,0,0,0,0,0,0,0,0,0,0,0,0,0,0,0,0,0,0,0,0,0,0,0,0,0,0,0,0,0,0,0,0,0,0,0,0,0,0,0,0,0,0,0,0,0,0,0,0,0,0,0,0,0,0,0,0,0,13640,0,0,0,0,0,0,0,0,0,0,0,0,0,0,0,0,0,0,0,0,0,0,0,0,0,0,0,0,0,3082,12323,0
"Animalia","Chordata","Teleostei","Perciformes","Gobiidae","Crystallogobius","Crystallogobius linearis","GG01_003232710",0.994,0.994082840236686,6533,0,0,0,0,0,0,0,0,6532,0,0,0,0,0,0,0,0,0,0,0,0,0,0,0,0,0,0,0,0,0,0,0,0,0,0,0,0,0,0,0,0,0,0,0,0,0,0,0,0,0,0,0,0,0,0,0,0,0,0,0,0,0,1,0,0,0,0,0,0,0,0,0,0,0,0,0,0,0,0,0,0,0,0,0,0,0,0,0,0,0,0,0,0,0,0,0
"Animalia","Chordata","Teleostei","Myctophiformes","Myctophidae","Protomyctophum","Protomyctophum arcticum","GG01_001866937",0.988,0.988372093023256,4249,0,0,0,0,0,0,0,1928,0,0,0,0,0,0,0,0,0,0,0,0,0,0,0,0,0,0,0,0,0,0,0,0,0,0,0,0,0,0,0,0,0,0,0,0,0,0,0,0,0,0,0,0,0,0,0,0,0,0,0,0,0,0,0,0,0,0,0,0,0,0,0,0,0,0,0,0,2321,0,0,0,0,0,0,0,0,0,0,0,0,0,0,0,0,0,0,0
"Animalia","Chordata","Teleostei","Osmeriformes","Osmeridae","Mallotus","Mallotus villosus","GG01_000024036",0.994,0.994047619047619,254997,0,0,0,0,0,0,0,0,0,0,0,0,1,0,0,0,0,0,2,0,0,1,2,0,0,0,0,0,0,0,0,2,5,0,0,0,0,2,1,0,0,0,0,0,0,0,0,0,0,0,1,2,0,1,2,0,0,5,0,0,0,0,0,0,0,0,1,0,0,0,27,0,243323,0,0,0,1,0,0,0,12,1536,0,0,0,0,0,0,1,0,6999,0,0,3014,56,0
"Animalia","Chordata","Teleostei","Perciformes|Scorpaeniformes","Stichaeidae|Cyclopteridae","Anisarchus|Cyclopterus|Leptoclinus","Anisarchus medius|Cyclopterus lumpus|Leptoclinus maculatus","GG01_000688850",0.953,0.952662721893491,70,0,0,0,0,0,0,0,0,0,0,0,0,0,0,0,0,0,0,0,0,0,0,0,0,0,0,0,0,0,0,0,0,0,0,0,0,0,0,0,0,0,0,0,0,0,0,0,0,0,0,0,0,0,0,0,0,0,0,0,0,0,0,0,0,0,0,0,0,0,0,0,0,70,0,0,0,0,0,0,0,0,0,0,0,0,0,0,0,0,0,0,0,0,0,0,0
"Animalia","Chordata","Teleostei","Scorpaeniformes","Cottidae","Triglops","Triglops murrayi","GG01_000383846",1,0.952662721893491,40648,0,0,0,0,0,0,0,0,0,0,0,0,0,0,0,0,0,0,0,0,0,0,0,0,0,0,0,2,0,0,0,0,0,0,0,0,0,0,0,0,0,0,0,0,0,0,0,0,0,0,0,0,0,0,0,0,0,0,0,0,0,0,0,40636,0,0,0,0,0,0,0,0,0,0,7,0,0,0,0,0,3,0,0,0,0,0,0,0,0,0,0,0,0,0,0,0
"Animalia","Chordata","Teleostei","Perciformes","Stichaeidae","Lumpenus|Leptoclinus","Lumpenus lampretaeformis|Leptoclinus maculatus","GG01_002327375",0.959,0.952662721893491,31,1,0,0,0,0,0,0,0,0,0,0,0,0,0,0,0,0,3,0,0,0,0,0,0,0,0,0,0,0,0,0,8,0,4,0,0,0,0,0,0,0,0,0,0,0,0,0,0,0,0,0,0,0,0,0,0,0,0,3,0,0,0,0,0,0,0,0,0,0,0,1,0,0,0,0,0,0,0,0,1,0,0,0,0,0,0,0,0,0,10,0,0,0,0,0,0
"Animalia","Chordata","Teleostei","Perciformes","Stichaeidae","Lumpenus","Lumpenus lampretaeformis","GG01_002285347",0.947,0.935672514619883,15,0,0,0,0,0,0,0,0,0,0,0,0,0,0,0,0,0,1,0,0,0,0,0,0,0,0,0,0,0,0,0,0,2,2,0,0,0,0,0,0,0,0,0,0,0,0,0,0,0,0,0,0,0,0,0,0,0,0,0,0,0,0,0,0,0,0,0,0,0,0,0,0,0,0,0,0,0,0,0,0,0,2,0,2,0,0,0,0,0,6,0,0,0,0,0,0
"Animalia","Chordata","Teleostei","Perciformes","Anarhichadidae","Anarhichas","Anarhichas spp.","GG01_001927395",0.958,0.952662721893491,1923983,58047,3393,30019,22857,21120,1160,44951,3520,0,2393,0,6875,0,28418,0,1,0,31188,2,20981,86257,1,1444,7174,0,61424,65994,58176,0,66131,56305,56294,28186,43784,1,0,0,2,64107,98801,0,8505,0,1,0,4265,4566,4216,0,1,6995,0,74213,0,68757,2213,0,0,5972,62118,54550,44137,0,62030,0,2457,0,0,0,0,2189,0,185958,14,28361,1,192195,0,18,10326,5,2658,0,34254,0,34773,0,0,2,18181,6,0,0,0,13,41027
"Animalia","Chordata","Teleostei","Perciformes","Anarhichadidae","Anarhichas","Anarhichas spp.","GG01_002829028",0.878612716763006,0.878612716763006,65,1,0,0,2,0,0,1,0,0,0,0,0,0,2,0,0,0,4,0,1,2,0,0,0,0,6,1,0,0,6,0,1,5,12,0,0,0,0,0,1,0,0,0,0,0,0,0,0,0,0,0,0,1,0,0,0,0,0,0,0,3,2,0,0,0,0,0,0,0,0,0,0,7,0,0,0,4,0,0,0,0,0,0,3,0,0,0,0,0,0,0,0,0,0,0,0
"Animalia","Chordata","Teleostei","Scorpaeniformes","Cottidae","Myoxocephalus","Myoxocephalus scorpius","GG01_000706312",0.965,0.964705882352941,403016,0,0,0,0,0,0,0,0,0,0,1,0,0,0,0,0,0,0,1,44927,0,0,0,0,0,0,0,0,0,0,0,0,0,0,0,0,0,0,76999,0,0,3,0,0,0,0,0,0,0,0,0,0,7643,0,0,20756,0,0,0,0,0,0,0,1,0,22473,0,0,0,0,23,0,189745,0,0,0,0,0,0,0,12,0,0,0,0,0,0,0,0,0,0,0,0,0,0,40432
"Animalia","Chordata","Teleostei","Scorpaeniformes","Cottidae","Artediellus|Icelus","Artediellus atlanticus|Icelus cataphractus|Icelus spatula","GG01_002057605",1,1,18556,0,0,0,0,0,0,0,0,0,0,0,0,0,0,0,0,0,0,0,0,0,0,0,0,0,0,0,0,0,0,0,0,0,0,0,0,0,0,0,0,0,0,0,0,0,0,0,0,0,0,0,0,0,0,0,0,0,0,0,0,0,0,0,0,0,0,0,0,0,0,0,0,0,0,0,0,0,0,0,0,0,0,0,0,0,0,0,0,0,0,0,0,0,18556,0,0
"Animalia","Chordata","Teleostei","Scorpaeniformes","Cottidae","Taurulus","Taurulus bubalis","GG01_003661693",1,0.988095238095238,30260,0,0,0,0,0,0,0,0,0,0,0,0,0,0,0,0,0,0,0,0,0,0,0,0,0,0,0,0,0,0,246,0,0,0,0,0,0,0,0,0,0,0,0,0,0,0,0,0,0,0,0,0,0,0,0,30014,0,0,0,0,0,0,0,0,0,0,0,0,0,0,0,0,0,0,0,0,0,0,0,0,0,0,0,0,0,0,0,0,0,0,0,0,0,0,0,0
"Animalia","Chordata","Teleostei","Scorpaeniformes","Cyclopteridae","Cyclopterus","Cyclopterus lumpus","GG01_000652805",1,1,354592,0,0,0,0,0,0,0,26270,0,0,0,0,0,0,0,0,0,0,0,0,0,0,0,0,0,20978,0,33925,0,0,85859,0,0,1,0,0,0,0,0,0,0,0,0,0,0,22597,0,0,0,0,0,0,0,0,0,0,0,0,0,1,0,0,0,0,0,0,0,0,0,0,18,0,164934,0,0,0,0,0,0,0,8,0,0,0,0,0,0,0,0,0,0,0,0,0,1,0
"Animalia","Chordata","Teleostei","Gasterosteiformes","Gasterosteidae","Gasterosteus","Gasterosteus aculeatus","GG01_000652083",1,1,2307,0,0,0,0,0,0,0,0,0,0,0,0,0,0,0,0,0,0,0,0,0,0,0,0,0,0,0,0,0,0,0,0,0,0,0,0,0,0,0,0,0,0,0,0,0,0,0,0,0,0,0,0,0,0,0,0,0,0,0,0,0,0,0,0,0,0,0,0,0,0,0,0,2307,0,0,0,0,0,0,0,0,0,0,0,0,0,0,0,0,0,0,0,0,0,0,0
"Animalia","Chordata","Teleostei","Scorpaeniformes","Liparidae","Liparis","Liparis montagui","GG01_002649140",1,0.970414201183432,17029,0,0,0,0,0,0,0,0,0,0,0,0,0,0,0,0,0,0,0,0,0,0,0,0,0,0,0,1,0,0,0,0,0,0,0,0,0,0,0,0,0,0,0,0,0,0,0,0,0,0,0,0,0,0,0,0,0,0,0,0,0,0,0,0,0,0,0,0,0,1,0,0,0,0,0,0,0,0,0,0,0,0,0,0,17027,0,0,0,0,0,0,0,0,0,0,0
"Animalia","Chordata","Teleostei","Scorpaeniformes","Scorpaenidae","Sebastes","Sebastes spp.","GG01_000550564",0.946745562130177,0.946745562130177,449963,0,3729,24246,0,0,0,20590,0,0,10840,0,0,0,0,0,0,0,2,0,0,35862,0,0,0,0,0,0,0,0,0,0,0,0,12345,0,20981,1,0,0,0,7565,0,0,0,0,1,0,0,0,0,0,0,7587,0,0,13247,50973,0,12735,0,0,0,0,5468,0,0,0,0,0,25611,44054,31272,966,2,0,0,0,0,16945,0,3,21604,0,71301,0,0,0,0,1,3469,0,0,0,8549,14,0
"Animalia","Chordata","Teleostei","Scorpaeniformes","Scorpaenidae","Sebastes","Sebastes spp.","GG01_004316860",0.946,0.93491124260355,60,0,0,0,0,0,0,5,0,0,3,0,0,0,0,0,0,0,0,0,0,0,0,0,0,0,0,0,0,0,0,0,0,0,20,0,3,0,0,0,0,0,0,0,0,0,0,0,0,0,0,0,0,1,0,0,0,14,0,0,0,0,0,0,0,0,0,0,0,0,0,1,0,1,0,0,0,0,0,0,0,0,2,0,2,0,0,0,0,0,3,0,0,0,5,0,0
"Animalia","Chordata","Teleostei","Perciformes","Stichaeidae","Chirolophis","Chirolophis ascanii","GG01_004851361",0.971,0.95906432748538,13,0,0,0,0,0,0,0,0,0,0,0,0,0,0,0,0,0,0,0,0,0,0,0,0,0,7,0,4,0,0,0,0,0,0,0,0,0,0,0,0,0,0,0,0,0,0,0,0,0,0,0,0,2,0,0,0,0,0,0,0,0,0,0,0,0,0,0,0,0,0,0,0,0,0,0,0,0,0,0,0,0,0,0,0,0,0,0,0,0,0,0,0,0,0,0,0
"Animalia","Chordata","Teleostei","Perciformes","Stichaeidae","Leptoclinus","Leptoclinus maculatus","GG01_000518035",1,0.994082840236686,914497,4121,0,0,0,2,2,28118,0,0,0,0,15823,0,0,0,0,1,41616,0,1,0,0,0,23730,0,18953,0,61358,0,1376,0,26995,26698,58987,0,0,0,0,1,3,0,77037,0,0,0,1,0,0,0,0,0,0,28948,0,1,0,0,0,22509,0,0,3,0,14299,0,0,0,0,0,0,6253,0,308063,1,13,0,24767,0,0,26046,9,9747,0,26369,1,0,0,0,0,62641,2,0,1,0,1,0
"Animalia","Chordata","Teleostei","Scorpaeniformes","Triglidae","Chelidonichthys|Eutrigla|Trigloporus","Chelidonichthys cuculus|Eutrigla gurnardus|Trigloporus lastoviza","GG01_002039007",1,1,32578,0,0,0,0,0,0,0,0,0,0,0,0,0,0,0,0,0,0,0,0,0,0,0,0,0,0,0,0,0,0,0,0,0,0,0,0,0,0,0,0,0,0,0,0,0,0,0,0,0,0,0,0,0,0,0,0,0,0,0,0,0,0,0,0,0,0,0,0,0,0,0,0,0,0,0,0,0,0,0,0,0,0,0,0,0,0,0,0,0,0,0,32578,0,0,0,0
"Animalia","Chordata","Teleostei","Perciformes","Zoarcidae","Zoarces","Zoarces viviparus","GG01_005233554",0.994,0.935672514619883,25026,0,0,0,0,0,0,0,0,0,0,0,0,0,1,0,0,0,0,0,0,0,0,0,0,0,0,0,0,0,0,0,0,0,0,0,0,0,0,0,0,0,0,0,0,0,0,0,0,0,0,0,0,0,0,0,0,0,0,0,0,0,0,0,0,25025,0,0,0,0,0,0,0,0,0,0,0,0,0,0,0,0,0,0,0,0,0,0,0,0,0,0,0,0,0,0,0
"Animalia","Chordata","Teleostei","Pleuronectiformes","Scophthalmidae","Zeugopterus","Zeugopterus punctatus","GG01_003667348",0.941,0.862068965517241,14,0,0,0,0,0,0,0,0,0,0,0,0,0,0,0,0,0,0,0,0,0,0,0,0,0,0,0,0,0,0,0,0,0,0,0,0,0,0,0,0,0,0,0,0,0,0,0,0,0,0,0,0,0,0,0,14,0,0,0,0,0,0,0,0,0,0,0,0,0,0,0,0,0,0,0,0,0,0,0,0,0,0,0,0,0,0,0,0,0,0,0,0,0,0,0,0
"Animalia","Chordata","Teleostei","Pleuronectiformes","Pleuronectidae","Glyptocephalus","Glyptocephalus cynoglossus","GG01_002304063",0.906,0.906432748538012,158,0,0,0,0,0,0,0,0,0,0,0,0,0,0,0,0,0,9,0,4,0,0,0,0,0,1,0,0,0,18,0,0,21,13,0,0,1,0,2,0,0,0,0,0,0,0,0,0,0,0,0,0,1,0,0,0,6,0,0,0,0,1,0,4,0,0,0,0,0,0,1,0,16,0,4,0,0,0,0,0,0,0,0,3,0,0,4,0,0,13,0,0,0,27,9,0
"Animalia","Chordata","Teleostei","Pleuronectiformes","Pleuronectidae","Pleuronectes","Pleuronectes platessa","GG01_000917475",0.9,0.894736842105263,101,0,0,0,0,0,0,0,0,0,0,0,0,0,0,0,0,0,0,0,0,0,0,0,0,0,0,0,0,0,0,0,0,0,0,0,0,0,0,0,0,0,0,0,0,0,0,0,0,0,0,0,0,0,0,0,0,0,0,0,0,0,0,0,4,0,0,0,0,0,0,0,0,97,0,0,0,0,0,0,0,0,0,0,0,0,0,0,0,0,0,0,0,0,0,0,0
"Animalia","Chordata","Teleostei","Pleuronectiformes","Pleuronectidae","Platichthys","Platichthys flesus","GG01_000813188",0.917,0.923976608187134,186,0,0,1,0,0,0,0,0,0,0,2,0,0,0,0,0,1,10,0,2,0,0,0,0,0,3,0,0,0,10,0,0,1,2,0,0,4,0,4,4,0,0,0,0,0,0,0,0,0,0,0,0,6,0,0,0,8,0,0,0,0,0,0,0,0,0,0,0,0,0,0,0,112,0,4,0,0,0,0,0,0,0,0,0,0,0,0,0,0,0,0,0,0,2,10,0
"Animalia","Chordata","Teleostei","Pleuronectiformes","Pleuronectidae","Hippoglossoides","Hippoglossoides platessoides","GG01_000460942",0.971,0.970588235294118,72,0,0,0,0,0,0,0,0,0,0,0,0,0,0,0,0,0,2,0,0,0,0,0,0,0,0,0,0,0,5,0,0,0,20,0,0,0,0,0,0,0,0,0,0,0,0,0,0,0,0,0,0,1,0,0,0,0,0,0,0,0,0,0,6,0,0,0,0,0,0,0,0,16,0,1,0,0,0,0,0,0,0,0,0,0,0,0,0,0,19,0,0,0,2,0,0
"Animalia","Chordata","Teleostei","Pleuronectiformes","Pleuronectidae","Microstomus","Microstomus kitt","GG01_000329342",1,0.946745562130177,312685,0,0,9918,0,0,0,0,0,0,0,0,1,0,0,0,0,0,8758,0,13529,0,0,0,0,0,13960,0,0,0,23127,1,0,4455,0,5308,0,0,1,11620,0,0,0,0,0,0,0,0,0,0,0,0,0,5736,0,0,0,19097,0,0,0,0,9309,0,0,0,0,0,0,0,0,0,0,0,1,22226,0,31965,0,0,0,3,0,6,27207,0,0,0,0,0,3705,1,0,0,75106,27645,0
"Animalia","Chordata","Teleostei","Pleuronectiformes","Pleuronectidae","Pleuronectes","Pleuronectes platessa","GG01_000397381",0.913,0.913294797687861,2430200,0,0,12074,5,0,0,0,1,0,0,37375,20651,0,0,0,0,84271,123461,0,19022,0,0,0,229,2,20586,0,0,1,168045,19985,0,188013,108809,14035,0,71860,1,13982,51899,1,0,0,29677,0,2,0,0,0,0,0,0,86332,0,0,0,128011,0,1,1,1,14800,0,74543,0,60773,0,0,0,13161,18181,0,358041,4,187677,1,155512,0,4,0,9,1,2,29270,0,0,78368,0,0,51663,15,0,0,113435,76406,1
"Animalia","Chordata","Teleostei","Pleuronectiformes","Pleuronectidae",NA,NA,"GG01_000460849",0.873563218390805,0.873563218390805,399,0,0,1,0,0,0,0,0,0,0,0,2,0,0,0,0,7,14,0,1,0,0,0,0,0,4,0,0,0,26,3,0,21,17,1,0,6,0,1,2,0,0,0,0,0,0,0,0,0,0,0,0,7,0,0,0,2,0,0,0,0,2,0,14,0,9,0,0,0,1,0,0,214,0,24,0,4,0,0,0,0,0,0,0,0,0,2,0,0,5,0,0,0,7,2,0
"Animalia","Chordata","Teleostei","Pleuronectiformes","Scophthalmidae","Zeugopterus","Zeugopterus norvegicus","GG01_000337779",1,0.901162790697674,102440,0,0,0,0,0,0,0,0,0,0,0,0,0,0,0,0,0,0,0,0,0,0,22840,0,0,0,0,0,0,0,0,0,0,0,0,0,0,0,0,0,0,0,0,0,0,0,0,0,0,0,0,0,0,0,0,51197,0,0,0,0,0,0,0,0,0,0,0,0,0,0,0,0,0,0,28400,0,0,0,0,0,0,0,0,0,0,0,0,0,0,0,0,0,0,0,3,0
"Animalia","Chordata","Teleostei","Salmoniformes","Salmonidae","Salmo","Salmo salar","GG01_000084213",0.901,0.902298850574713,7003534,127201,26461,277771,34454,221018,0,474993,2,0,196253,3,70678,129394,2,0,0,5,1,0,1,25559,0,0,2,90625,11495,41545,16452,9,45430,5736,2,1,3,0,271011,35692,2,165838,17111,57256,80869,0,39014,0,91549,74527,0,159196,33617,21663,0,28575,255488,2,94723,25722,2,22958,98540,2,222990,2,68269,63110,45641,100442,0,0,75976,15253,0,3,25,84831,985779,5,0,237099,2,19,52596,1,67260,0,654663,0,0,0,2,533665,0,0,55388,372060,0
"Animalia","Chordata","Teleostei","Salmoniformes","Salmonidae","Oncorhynchus","Oncorhynchus mykiss","GG01_001743974",0.971,0.970760233918129,218761,0,0,0,0,0,0,0,0,0,0,0,0,0,0,0,0,0,0,0,0,0,0,0,0,0,0,0,0,0,0,0,0,0,0,0,0,0,0,0,0,0,0,0,0,0,0,0,0,0,0,0,0,0,0,0,0,0,0,0,0,0,0,0,0,0,0,0,0,0,0,0,0,0,0,0,0,0,0,0,0,0,0,0,0,0,0,0,0,0,0,0,0,218761,0,0,0
"Animalia","Chordata","Teleostei","Perciformes","Scombridae","Scomber","Scomber scombrus","GG01_000003198",1,1,278529,0,0,83671,0,0,0,0,0,0,0,0,0,0,0,0,0,0,0,0,0,0,0,0,0,0,0,0,0,0,0,0,0,0,0,0,0,0,0,0,0,0,0,0,0,0,0,0,0,0,0,0,0,0,33404,0,0,0,0,0,0,0,0,0,35516,0,0,1,0,0,0,0,0,0,3,30451,0,25117,0,6,0,18,0,0,0,0,7041,0,0,0,38553,24746,0,0,0,2,0
"Animalia","Chordata","Teleostei","Perciformes","Ammodytidae","Ammodytes|Hyperoplus","Ammodytes marinus|Hyperoplus lanceolatus|Ammodytes tobianus","GG01_001549965",0.959,0.953488372093023,28927,0,0,0,0,0,0,0,0,0,0,0,0,0,0,0,0,0,0,0,0,0,0,0,0,0,0,0,0,0,0,0,0,0,0,0,0,0,0,7745,0,0,0,0,0,0,0,0,0,0,0,0,0,0,0,0,0,0,0,0,0,0,0,0,0,0,0,0,0,21156,0,0,0,0,0,0,0,0,0,18,0,8,0,0,0,0,0,0,0,0,0,0,0,0,0,0,0
"Animalia","Chordata","Mammalia","Artiodactyla","Bovidae","Bos","Bos taurus","GG01_003066055",1,1,52434,0,0,0,0,0,0,0,0,0,0,0,0,0,0,0,0,0,0,0,0,0,0,0,6525,0,0,0,0,0,0,0,0,0,0,0,0,0,0,0,0,0,0,0,45905,0,0,0,0,0,0,0,0,0,0,0,0,0,0,0,0,0,0,0,0,0,0,0,0,0,0,0,0,0,0,1,0,0,0,0,0,0,0,0,0,0,0,0,0,0,0,2,1,0,0,0,0
"Animalia","Chordata","Mammalia","Artiodactyla","Suidae","Sus","Sus scrofa","GG01_003140871",0.939,0.938888888888889,263053,0,0,0,0,26628,0,0,0,0,39161,0,0,0,0,0,0,0,34474,0,0,0,0,0,0,0,0,0,15059,0,0,0,0,0,8024,0,0,0,0,0,9723,0,0,0,15014,0,0,0,0,0,0,0,0,0,0,0,35146,0,0,25609,0,0,0,0,0,4180,0,14227,0,0,0,645,0,0,0,3,0,0,0,0,10330,0,0,0,0,1,0,0,0,0,0,0,0,24828,1,0,0
"Animalia","Chordata","Mammalia","Cetacea","Balaenopteridae","Balaenoptera","Balaenoptera acutorostrata","GG01_003066086",1,1,16454,0,0,0,0,0,0,0,0,0,0,0,0,0,0,0,0,0,0,0,0,0,0,0,0,0,0,0,0,0,0,0,0,0,0,0,0,0,0,0,0,0,0,0,16454,0,0,0,0,0,0,0,0,0,0,0,0,0,0,0,0,0,0,0,0,0,0,0,0,0,0,0,0,0,0,0,0,0,0,0,0,0,0,0,0,0,0,0,0,0,0,0,0,0,0,0,0
"Animalia","Chordata","Mammalia","Cetacea","Delphinidae","Orcinus","Orcinus orca","GG01_004757001",0.988,0.971098265895954,14,0,0,0,0,0,0,0,0,0,0,0,0,0,0,0,0,0,0,0,0,0,0,0,0,0,0,0,0,0,0,0,0,0,0,0,0,0,0,0,0,0,0,0,0,0,0,0,0,0,0,0,0,0,14,0,0,0,0,0,0,0,0,0,0,0,0,0,0,0,0,0,0,0,0,0,0,0,0,0,0,0,0,0,0,0,0,0,0,0,0,0,0,0,0,0,0
"Animalia","Chordata","Mammalia","Cetacea","Delphinidae","Lagenorhynchus","Lagenorhynchus albirostris","GG01_003881473",0.994,0.988304093567251,31,0,0,0,0,0,0,0,0,0,0,0,0,0,0,0,0,0,0,0,0,0,0,0,0,0,0,0,0,0,0,0,0,0,0,0,0,0,0,0,0,0,0,0,0,0,0,0,0,0,0,0,0,0,0,0,0,0,0,0,31,0,0,0,0,0,0,0,0,0,0,0,0,0,0,0,0,0,0,0,0,0,0,0,0,0,0,0,0,0,0,0,0,0,0,0,0
"Animalia","Chordata","Mammalia","Cetacea","Phocoenidae","Phocoena","Phocoena phocoena","GG01_002296517",1,1,12479,0,0,0,0,0,0,0,0,0,0,0,0,0,0,0,0,0,0,0,0,0,0,0,0,0,0,2380,0,0,0,2056,0,0,0,0,0,0,0,0,0,0,0,0,0,182,0,0,0,0,0,0,0,0,0,0,0,0,0,0,0,0,0,0,0,0,0,0,0,0,0,0,0,0,0,0,0,0,0,0,0,0,0,0,0,0,0,0,0,0,7861,0,0,0,0,0,0
"Animalia","Chordata","Mammalia","Cetacea","Physeteridae","Physeter","Physeter catodon","GG01_005476550",0.994,0.982248520710059,51,0,0,0,1,0,0,0,0,0,0,0,0,0,0,0,0,0,0,0,50,0,0,0,0,0,0,0,0,0,0,0,0,0,0,0,0,0,0,0,0,0,0,0,0,0,0,0,0,0,0,0,0,0,0,0,0,0,0,0,0,0,0,0,0,0,0,0,0,0,0,0,0,0,0,0,0,0,0,0,0,0,0,0,0,0,0,0,0,0,0,0,0,0,0,0,0
"Animalia","Chordata","Mammalia","Rodentia","Cricetidae","Microtus","Microtus agrestis","GG01_003577944",0.994,0.952380952380952,63,0,0,0,0,0,0,0,0,0,0,0,0,0,0,0,0,0,0,0,0,0,0,63,0,0,0,0,0,0,0,0,0,0,0,0,0,0,0,0,0,0,0,0,0,0,0,0,0,0,0,0,0,0,0,0,0,0,0,0,0,0,0,0,0,0,0,0,0,0,0,0,0,0,0,0,0,0,0,0,0,0,0,0,0,0,0,0,0,0,0,0,0,0,0,0,0
"Animalia","Echinodermata","Echinoidea",NA,NA,NA,NA,"GG01_001909183",0.66304347826087,0.66304347826087,4315,0,0,0,0,0,0,0,0,0,0,42,0,0,9,0,0,0,4094,0,0,0,0,0,0,0,0,2,0,0,3,0,43,0,1,0,0,0,0,0,0,0,0,0,0,2,0,0,0,0,0,14,0,0,0,57,0,4,0,1,0,0,0,0,0,0,0,0,0,0,0,0,0,0,0,2,0,16,0,0,0,0,0,0,13,0,0,7,0,0,1,0,4,0,0,0,0
"Animalia","Echinodermata","Echinoidea","Forcipulatida","Asteriidae","Asterias","Asterias rubens","GG01_003904224",0.994,0.687830687830688,1341,0,0,0,0,0,0,0,0,0,0,988,0,0,0,0,0,0,3,0,0,0,0,0,0,0,0,0,0,0,0,0,0,0,0,0,0,0,0,0,0,0,0,0,0,0,0,0,0,0,0,0,0,0,350,0,0,0,0,0,0,0,0,0,0,0,0,0,0,0,0,0,0,0,0,0,0,0,0,0,0,0,0,0,0,0,0,0,0,0,0,0,0,0,0,0,0
