"kingdom","phylum","class","order","family","genus","species","id","annotated_pident","best_identity","tot_reads","X2019629_10","X2019629_11","X2019629_15","X2019629_16","X2019629_2","X2019629_22","X2019629_25","X2019629_28","X2019629_31","X2019629_32","X2019629_6","X2019629_7","X2020620_02","X2020620_03","X2020620_04","X2020620_05","X2020620_06","X2020620_07","X2020620_08","X2020620_11","X2020620_12","X2020620_13","X2020620_14","X2020620_15","X2020620_16","X2020620_17","X2020620_18","X2020620_19","X2020620_1EB040521","X2020620_20","X2020620_21","X2020620_22","X2020620_23","X2020620_24","X2020620_26","X2020620_27","X2020620_28","X2020620_29","X2020620_30","X2020620_31","X2020620_32","X2020620_3EB040521","X2021607_1EB110521","X2021607_1EB260521","X2021607_1EB280521","X2021607_1LB250521","X2021607_254","X2021607_256","X2021607_257","X2021607_258","X2021607_259","X2021607_260","X2021607_261","X2021607_264","X2021607_265","X2021607_266","X2021607_267","X2021607_268","X2021607_269","X2021607_270","X2021607_271","X2021607_272","X2021607_274","X2021607_275","X2021607_276","X2021607_277","X2021607_278","X2021607_279","X2021607_280","X2021607_281","X2021607_282","X2021607_283","X2021607_285","X2021607_286","X2021607_287","X2021607_288","X2021607_289","X2021607_290","X2021607_291","X2021607_292","X2021607_293","X2021607_294","X2021607_2EB210521","X2021624_10","X2021624_11","X2021624_13","X2021624_14","X2021624_15","X2021624_16","X2021624_17","X2021624_18","X2021624_19","X2021624_2","X2021624_20","X2021624_21","X2021624_22","X2021624_24","X2021624_25","X2021624_26","X2021624_27","X2021624_28","X2021624_29","X2021624_3","X2021624_30","X2021624_31","X2021624_32","X2021624_33","X2021624_34","X2021624_35","X2021624_36","X2021624_37","X2021624_38","X2021624_39","X2021624_4","X2021624_40","X2021624_41","X2021624_42","X2021624_43","X2021624_44","X2021624_5","X2021624_6","X2021624_7","X2021624_8","X2021624_9","X2021624_EB03052022","X2021624_EB05052022","X2021624_LB05052022","X2022607_235","X2022607_236","X2022607_237","X2022607_238","X2022607_239","X2022607_240","X2022607_241","X2022607_242","X2022607_243","X2022607_244","X2022607_245","X2022607_247","X2022607_248","X2022607_249","X2022607_250","X2022607_251","X2022607_252","X2022607_253","X2022607_254","X2022607_255","X2022607_257","X2022607_258","X2022607_259","X2022607_260","X2022607_261","X2022607_262","X2022607_263","X2022607_264","X2022607_265","X2022607_266","X2022607_269","X2022607_270","X2022607_271","X2022607_272","X2022607_273","X2022607_274","X2022607_275","X2022607_276","X2022607_277","X2022607_EB08062022","X2022607_EB26052022","X2022607_EB30052022_2","X2022607_LB30052022","Es1","Es2","MC1","MC10","MC11","MC2","MC3","MC4","MC5","MC6","MC7","MC8","MC9","MC_amplicon_NB","MC_v1_NA_Br1","MC_v1_NA_Br2","MC_v1_NA_Br3","MC_v2_NB_Br1","MC_v2_NB_Br2","NA_NTC","NB_NTC"
NA,NA,NA,NA,NA,NA,NA,"GG01_002910388",0.82967032967033,0.82967032967033,15210,0,36,0,118,0,108,0,66,2,1188,184,88,0,0,430,2,412,0,12,0,180,6,36,14,0,0,0,0,0,1364,4,0,0,98,0,540,0,18,32,74,272,0,0,0,0,0,0,0,0,0,14,2,1444,0,0,0,0,0,0,0,0,0,0,0,0,0,274,0,0,336,0,0,0,2,0,0,0,0,0,26,0,0,0,0,0,0,2,10,42,0,0,0,0,0,22,0,0,14,6,2,0,388,216,0,0,76,34,0,0,0,8,190,0,0,2,2,0,0,162,0,8,0,74,16,0,0,0,0,0,0,248,2,0,0,0,0,0,0,0,30,5302,0,0,0,0,0,0,0,0,0,0,0,30,0,0,2,0,12,840,12,0,0,8,2,42,24,0,0,0,0,0,0,0,0,0,0,0,0,0,0,0,0,0,0,0,0,0,0,0,0,0
"Animalia","Chordata","Mammalia","Primates","Hominidae","Homo","Homo sapiens","GG01_000002262",1,0.754285714285714,30010,56,150,24,8,2158,78,84,264,2,96,160,704,514,0,4,0,1566,10,0,0,16,50,44,8,16,58,38,250,0,8,4,0,0,0,0,28,0,66,34,14,0,40,0,16,0,34,538,8,198,44,16,0,1544,2,316,408,0,928,20,1440,0,0,4,0,16,54,0,340,0,16,0,338,84,0,370,0,0,0,0,0,26,4,48,32,24,0,1380,30,0,4,1620,0,996,0,0,14,6,12,0,0,52,2,12,2,2,2,0,0,0,2,0,2,0,22,0,64,80,24,1670,0,4,32,404,54,0,0,8,66,0,28,152,14,0,0,0,510,44,326,176,10,26,18,40,0,58,50,88,0,6,0,0,24,52,0,362,234,26,754,2646,98,872,756,4,20,404,12,0,0,0,2,0,0,0,0,2094,0,0,14,62,0,2,16,0,0,0,2,12,0,2,0,8
"Animalia","Chordata","Teleostei","Cyprinodontiformes","Aplocheilidae","Epiplatys","Epiplatys dageti","GG01_006744399",0.964,0.862068965517241,63048,0,0,0,0,0,0,0,0,0,0,0,2,0,0,0,0,0,0,0,0,0,2,0,0,0,0,0,0,0,0,0,0,0,0,0,0,0,0,0,0,0,0,0,0,0,0,0,0,0,0,0,0,0,0,0,0,0,0,2,2,2,0,0,2,0,0,0,0,0,2,0,2,0,2,0,0,2,2,0,0,0,0,0,0,0,0,2,0,0,0,0,0,0,0,0,2,0,0,0,0,0,0,0,0,0,0,2,0,0,0,0,0,0,0,0,0,0,0,0,0,0,0,0,0,0,0,0,0,0,0,0,2,0,0,0,0,0,0,0,0,0,2,0,0,0,0,0,0,8,0,0,0,0,0,0,0,0,0,0,2,0,2,2,2,4,0,0,0,0,0,0,34360,2,0,0,2,5398,2,8372,0,0,132,0,110,0,1340,934,3774,8570,0,0
"Animalia","Chordata","Teleostei","Stomiiformes","Sternoptychidae","Maurolicus","Maurolicus muelleri","GG01_005217401",0.969,0.792134831460674,187854,0,0,0,0,0,0,0,2,0,0,0,2,0,2,0,0,0,0,0,0,0,0,0,0,0,0,0,0,0,0,0,0,0,0,0,0,0,0,2,0,0,0,0,0,0,0,0,0,0,4,2,0,0,0,0,0,2,0,2,0,0,0,4340,0,0,0,0,0,0,0,0,0,0,0,2,0,0,0,0,0,0,0,2,2,0,0,0,0,0,0,0,0,0,0,0,0,0,0,0,0,2,2,0,0,0,0,0,0,2,0,0,0,0,2,0,0,2,0,0,0,0,4,0,0,0,0,0,0,0,0,0,4,0,0,0,0,0,0,0,0,0,0,0,0,0,0,0,0,2,4378,0,0,2,0,0,2,0,0,0,2,0,0,0,0,0,0,0,0,0,0,0,0,84902,0,0,0,0,0,0,0,0,0,2,93048,0,112,0,2,1020,0,0
"Animalia","Chordata","Teleostei","Perciformes","Pholidae","Pholis","Pholis gunnellus","GG01_006469837",1,0.867052023121387,1263018,0,100,694,0,0,2936,0,2,834,0,9916,0,0,2446,3070,4,3306,5562,1146,0,0,2218,4,5542,3176,0,0,0,2,0,4,556,0,0,0,2428,0,9314,1448,2034,4,0,0,0,30,0,0,21174,8558,30330,7590,7910,4,12460,20746,6146,2390,46,20054,11510,7076,282,2,26626,20132,18698,15664,27414,14232,30580,4262,11588,0,1884,13542,11188,11820,11570,27956,5286,20562,10824,6,824,6954,0,14,2866,0,1702,0,2,0,0,2,0,0,1194,14,6,3068,574,2410,16,1388,2508,4,0,0,1094,8266,5300,4572,0,734,0,2678,0,0,2,830,1420,7630,1884,0,0,0,4128,192,1726,13194,2342,72,45396,126,4760,5272,0,2318,2378,4338,3148,4010,2436,3822,404,7446,22,408,1284,4070,770,8,1636,392,6180,5830,7212,43110,26236,2098,75664,41014,25520,37980,53970,0,0,2,0,4,2,2,0,0,51224,2,0,4442,0,8086,42136,0,153664,0,890,310,4788,1710,0,0
"Animalia","Chordata","Teleostei","Perciformes","Ammodytidae","Ammodytes|Hyperoplus","Ammodytes marinus|Hyperoplus lanceolatus|Ammodytes tobianus","GG01_001124482",0.935,0.924418604651163,47598,0,0,0,0,0,0,0,0,0,0,0,0,0,0,0,0,0,0,0,0,0,0,0,0,0,0,0,0,0,0,0,0,0,0,0,0,0,0,0,0,0,0,0,0,2,0,0,2446,8,0,0,0,0,118,0,0,0,0,0,0,0,2,0,1088,2,0,0,0,0,0,2,0,0,0,0,0,2,1570,0,1386,0,0,0,2,0,0,8,0,0,0,0,0,0,0,2,0,0,0,2,0,2,0,0,0,0,0,0,0,0,0,0,0,4,0,0,0,0,0,0,472,0,0,3664,0,0,0,0,0,0,0,4078,0,4,0,2,0,2,0,0,2,0,2,1144,1374,0,2,4212,2,0,0,0,0,0,0,0,0,0,2,4614,3828,4202,4094,4402,3144,1690,0,0,0,0,0,0,0,0,0,0,0,0,0,0,0,0,0,0,14,0,2,0,0,0,0,0
"Animalia","Chordata","Teleostei",NA,NA,NA,NA,"GG01_006468058",0.755681818181818,0.755681818181818,358,0,0,0,0,0,0,0,0,0,0,0,0,0,0,0,0,0,0,0,0,0,0,0,0,0,0,0,0,0,0,0,0,0,0,0,0,0,0,0,0,0,0,0,0,0,0,0,0,0,0,0,0,0,0,0,0,0,0,0,0,0,0,0,0,0,0,0,0,0,0,0,0,0,0,0,0,0,0,0,0,0,0,0,0,0,0,0,0,0,0,0,0,0,240,0,0,0,0,0,0,0,0,0,0,0,0,0,0,0,0,0,0,0,0,0,0,0,0,0,0,0,0,0,0,0,0,0,0,0,0,0,0,0,0,0,0,0,0,0,0,0,0,0,0,0,0,0,0,0,0,0,0,0,0,0,0,0,0,0,0,0,0,0,0,0,0,0,0,0,0,0,0,0,0,0,0,0,0,0,0,0,0,0,118,0,0,0,0,0,0,0
"Animalia","Chordata","Teleostei","Clupeiformes","Clupeidae","Clupea","Clupea harengus","GG01_003158714",0.966,0.96551724137931,859384,0,2,2178,4054,0,6,0,5434,0,4878,8294,3016,0,12570,7910,6756,21962,1680,0,0,0,0,918,106,0,0,0,0,0,2,960,0,2312,0,0,2,2064,0,0,0,0,0,0,0,2,0,2,0,2156,0,4,2,0,4,8,568,2,158,0,2,1234,0,0,2,22,2,1594,0,2,0,20,2480,0,4,2,2702,0,1276,2,1546,4,0,2,95014,37844,0,12,20212,6890,0,20684,65372,0,0,72562,6412,0,0,5196,0,2,7570,27206,6,0,20910,4264,0,0,2296,5402,0,0,43392,8352,3334,1932,0,1366,7840,3670,97182,105092,18426,2,0,0,0,942,1950,15438,508,14,5258,0,2792,1992,42,4348,2,3440,2,508,0,1944,882,1020,16,6968,270,1988,208,3008,1890,0,0,5344,2,6,158,3392,1422,1396,1280,2032,1508,0,0,0,2,0,2,0,0,0,0,0,0,2,0,0,2,0,50,0,2,4,2,0,0,0
"Animalia","Chordata","Teleostei","Cypriniformes","Cyprinidae","Trigonostigma","Trigonostigma espei","GG01_002913505",0.942,0.931034482758621,5788312,0,2,2,0,0,2,0,2,2,4,2,2,0,0,4,2,8,0,2,0,0,2,0,0,0,0,4,4088,4,0,2,0,2,0,0,0,2208,10378,0,2,0,2,0,2,0,0,0,8,0,2,2,4,12,0,10,2,2,0,4,0,4,4,0,4,1180,2526,2,0,2,2,12,0,60,10,0,10,0,6,6,304,0,0,0,0,2,2,2,0,0,2,4,0,2,0,4,0,0,4,0,0,4,0,6,0,954,0,0,0,2,0,0,0,0,4,0,0,4,0,0,0,0,2,4,2900,0,2,18,0,0,8,4,404,8,12,0,2,2,6,6,2,0,6,6,2,4,40,2,2,42,0,0,0,0,0,2,4,0,16,0,0,2,4,0,2,4,2,56,28,0,4,106574,1114680,322730,204234,314546,127686,325818,314892,331028,308622,265866,132224,276150,129474,0,289804,143000,476916,578552,2,4
"Animalia","Chordata","Teleostei","Cyprinodontiformes","Poeciliidae","Poecilia","Poecilia sphenops","GG01_001663732",0.870786516853933,0.870786516853933,29844240,92994,94516,168606,159516,118752,123604,216430,193196,162862,144826,157550,176500,209202,79726,156270,136670,148464,238286,120866,21428,251354,224458,149704,192408,72042,175832,179024,222652,177112,209036,152226,149248,234976,214446,163146,179448,152364,145882,169376,157094,77220,204108,390,375386,264246,367816,372230,157032,246202,164274,238482,180342,310806,144572,203770,73850,313196,199960,224378,155190,203816,198162,209858,219478,225708,265774,127356,247876,98550,193406,256106,235020,331866,109142,159594,150960,97512,130196,80806,72072,117226,139008,358266,127248,147228,134292,283988,131312,227626,153818,142514,139426,216086,112676,180072,153262,197226,71584,123334,81110,97652,153034,144778,143122,99702,127450,209132,250636,125810,145794,154490,131196,99174,58412,189514,172394,182930,234562,96256,61254,75790,165720,300716,177298,203500,64444,224794,93374,60024,192804,219258,70884,214,143218,53080,145686,190968,333072,140230,102762,246310,80498,94286,60970,75382,46532,171100,193810,131444,72850,107696,37340,186130,239868,46332,204416,227802,333844,199588,182394,226682,236022,197640,273568,164286,124964,60,10,174034,343192,848194,1588,60446,47850,37834,8602,79882,71802,42972,70714,35984,11362,45744,476,0,356,102,2388,6140,173658,167866
"Animalia","Chordata","Teleostei","Gadiformes","Gadidae","Ciliata","Ciliata septentrionalis","GG01_001175492",0.924,0.901734104046243,41550,0,0,0,0,0,0,0,0,0,0,0,2,0,0,0,0,0,0,0,0,0,0,0,0,0,0,0,0,0,0,0,0,0,0,0,0,0,0,0,0,0,0,0,0,0,0,0,3466,2,0,0,0,0,0,0,0,0,0,0,0,0,8478,0,0,0,2,0,0,0,0,0,0,0,0,2,2,2,1180,2,1170,0,5400,0,0,0,0,0,0,0,0,0,0,0,0,0,0,0,2,0,0,0,0,0,0,0,2,0,0,0,0,0,0,0,0,0,0,4,0,0,0,0,0,0,0,0,0,0,0,0,0,0,0,0,0,0,0,5470,0,0,4,0,2,2,0,0,0,0,0,2,0,0,0,0,0,4,0,0,4,2,0,0,0,9196,0,7140,0,0,0,0,0,0,0,0,0,0,2,0,0,0,0,0,0,0,0,0,0,6,0,0,0,0
"Animalia","Chordata","Teleostei","Gadiformes","Gadidae","Gadus","Gadus morhua","GG01_001684835",0.985,0.901734104046243,18261848,3696,8514,8,1752,1000,4462,16,5630,4822,26166,78346,50718,0,50744,17520,2622,32850,44934,2036,272,22108,0,25252,2,0,0,0,25320,8,16498,1482,12430,20104,7386,2,3100,12350,0,14652,11836,4,2,0,12,54,36,2,246210,168324,132100,174390,75220,186890,104530,156778,27636,67064,634,110034,275698,101332,29000,14,131930,45158,188898,53914,45356,77088,92784,48278,238060,12,313796,293304,163486,260990,617344,147464,459768,325526,118300,34,22106,5912,26,70490,4274,8420,17494,8180,8,6,25794,12904,14,8,30104,23940,13508,65144,11634,17792,88548,15530,49050,6,2,0,32758,694,186,18266,8326,18768,4664,79996,4,5492,1652,17274,8860,4160,48536,108,6,2,8886,727084,202004,237292,558972,288,73340,569044,162524,115046,178,974050,545028,111922,948100,716532,13994,766074,352708,101556,280,747640,291780,74832,481890,362830,104942,478462,464814,64218,115110,101808,56286,159636,123700,129094,204268,117656,57492,30,8,4,4,10,8,1966,32226,6,8,20194,4,2,4,4,26,4,75682,0,54188,28070,1214,60,26,2
"Animalia","Chordata","Teleostei","Gadiformes",NA,NA,NA,"GG01_001831876",0.888235294117647,0.888235294117647,60,0,0,0,0,0,0,0,0,0,0,0,0,0,0,0,0,0,0,0,0,0,0,0,0,0,0,0,0,0,0,0,0,0,0,0,0,0,0,0,0,0,0,0,0,0,0,0,0,0,0,0,0,0,0,0,0,0,0,0,2,0,0,0,0,0,0,0,0,0,0,0,0,0,0,4,0,0,0,0,0,0,2,0,0,0,0,0,0,0,0,0,0,0,0,0,0,0,0,0,0,0,0,0,2,0,0,0,0,0,0,0,0,0,0,0,0,2,0,0,0,0,0,0,2,0,0,0,0,2,0,0,0,0,2,0,2,2,0,2,2,0,0,2,0,0,0,2,0,6,2,0,6,4,2,2,0,2,2,2,0,0,0,0,0,2,0,0,0,0,0,0,0,0,0,0,0,0,0,0,0,0,0,0,0,0,0,0,0,0,0,0
"Animalia","Chordata","Teleostei","Gadiformes","Gadidae","Boreogadus","Boreogadus saida","GG01_001900888",0.918,0.91812865497076,58,0,0,0,0,0,0,0,0,0,0,0,0,0,0,0,0,0,0,0,0,0,0,0,0,0,0,0,0,0,0,0,0,0,0,0,0,0,0,0,0,0,0,0,0,0,0,0,0,0,0,2,0,0,0,0,0,0,0,2,0,2,0,0,0,0,0,0,0,2,2,2,0,0,0,0,0,0,2,0,0,8,2,0,0,0,0,0,0,0,0,0,0,0,0,0,0,0,0,0,0,0,0,0,0,0,0,0,0,0,0,0,0,0,0,0,0,0,0,0,0,0,4,0,0,0,0,0,0,0,0,0,0,0,0,2,0,0,0,0,0,0,0,0,0,0,0,0,0,4,0,0,0,0,0,0,4,0,0,4,2,0,0,0,0,0,0,0,0,0,0,0,0,0,0,0,0,0,0,0,0,0,0,0,14,0,0,0,0,0,0,0
"Animalia","Chordata","Teleostei","Gadiformes","Gadidae","Arctogadus","Arctogadus glacialis","GG01_001145465",0.989,0.894179894179894,1474,0,2,0,0,0,0,0,0,0,0,0,0,0,12,0,0,4,2,0,0,0,0,0,0,0,0,0,0,0,0,0,0,0,0,0,0,0,0,0,0,0,0,0,0,0,0,0,46,4,0,28,10,8,2,2,0,0,0,22,22,12,0,0,4,2,78,2,2,14,4,6,4,0,6,34,10,6,44,6,40,32,14,0,6,2,0,0,0,0,0,0,0,0,0,2,0,0,0,0,0,0,0,2,0,2,4,0,0,0,0,0,0,0,0,0,0,0,0,0,0,0,6,4,0,0,0,0,2,140,18,22,110,0,30,130,20,6,0,38,18,10,62,32,0,40,16,4,2,44,4,2,24,10,0,48,66,0,0,30,2,6,2,4,6,6,6,0,0,0,0,0,0,0,0,0,0,0,0,0,0,0,0,0,2,0,0,0,0,0,0,0
"Animalia","Chordata","Teleostei","Pleuronectiformes","Pleuronectidae","Lyopsetta","Lyopsetta exilis","GG01_004654739",0.902,0.878612716763006,62,0,0,0,0,0,0,0,0,0,0,0,0,0,0,0,0,0,0,0,0,0,0,0,0,0,0,0,0,0,0,0,0,0,0,0,0,0,0,0,0,0,0,0,0,0,0,0,0,0,0,0,0,0,0,0,0,0,0,0,0,0,0,0,0,0,0,0,0,0,0,0,0,0,0,0,0,0,0,0,0,0,0,0,0,0,0,0,0,0,0,0,0,0,0,0,0,0,0,0,0,0,0,0,0,0,0,0,0,0,0,0,0,0,0,0,0,0,0,0,0,0,0,0,0,0,0,0,0,0,0,0,0,0,0,2,0,0,0,0,2,0,8,6,2,4,6,0,0,0,6,0,4,4,0,2,0,0,0,0,0,0,0,0,0,0,0,0,0,0,0,0,0,0,0,0,0,0,0,0,0,0,0,0,16,0,0,0,0,0,0,0
"Animalia","Chordata","Teleostei","Gadiformes","Gadidae","Brosme","Brosme brosme","GG01_006585883",0.97,0.895953757225434,460912,0,0,0,0,4,0,0,0,2,0,0,6,0,2,1786,0,2,0,0,0,2,0,2,0,0,0,0,2,0,0,0,2,0,0,0,0,0,0,2,0,0,0,0,0,0,2,0,8508,0,4,2,2,4,6,8,2,0,2,0,8,0,4,0,2,2,6,0,2,2,0,0,8,0,10,6,18,10,26,4,12,10,2,0,0,0,0,10,2,0,6,0,0,0,2,0,0,0,2,0,2,2,4,0,10,0,4,0,0,2,2,0,0,0,0,0,0,6,0,0,0,0,0,2,2,0,0,0,2,20,18,8,22,0,10,38,4,10,2,38,10,2,32,12,0,26,22,6,6,100,10,0,14,10,0,4,4726,0,8,2,2,6,8,12,4,0,0,8,24,0,0,0,0,2,145458,0,0,4,0,0,0,0,0,0,32542,0,175230,90970,704,234,0,0
"Animalia","Chordata","Teleostei","Gadiformes","Gadidae","Gadiculus","Gadiculus argenteus","GG01_002294312",1,0.88953488372093,2306,0,0,0,0,0,0,0,0,0,0,0,0,0,0,0,0,0,0,0,0,0,0,0,0,0,0,0,0,0,0,0,0,0,0,0,0,0,0,0,0,0,0,0,0,0,0,0,0,0,0,0,0,0,0,0,0,0,0,0,0,0,0,0,0,0,0,0,0,2298,0,0,0,0,2,0,0,0,2,0,0,0,0,0,0,0,0,0,0,0,0,0,0,0,0,0,0,0,0,0,0,0,0,0,0,0,0,0,0,0,0,0,0,0,0,0,0,0,0,0,0,0,0,0,0,0,0,0,0,0,0,0,0,0,0,2,0,0,0,0,0,0,0,2,0,0,0,0,0,0,0,0,0,0,0,0,0,0,0,0,0,0,0,0,0,0,0,0,0,0,0,0,0,0,0,0,0,0,0,0,0,0,0,0,0,0,0,0,0,0,0,0
"Animalia","Chordata","Teleostei","Gadiformes","Gadidae","Ciliata","Ciliata mustela","GG01_002012874",1,0.884393063583815,6594,0,0,0,0,0,0,0,0,0,0,0,0,0,0,0,0,0,0,0,0,0,0,0,0,0,0,0,0,0,0,0,0,0,0,0,0,0,0,0,0,0,0,0,0,0,0,0,0,0,0,0,0,0,4,0,0,0,0,0,0,0,0,0,4554,0,0,0,0,0,0,12,0,0,0,0,0,2016,0,0,0,2,0,0,0,0,0,0,0,0,0,0,0,0,0,0,0,0,0,0,0,0,0,0,0,0,0,0,0,0,0,0,0,0,0,0,0,0,0,0,0,0,0,2,0,0,0,0,0,0,0,0,0,0,0,0,0,0,0,0,2,0,2,0,0,0,0,0,0,0,0,0,0,0,0,0,0,0,0,0,0,0,0,0,0,0,0,0,0,0,0,0,0,0,0,0,0,0,0,0,0,0,0,0,0,0,0,0,0,0,0,0
"Animalia","Chordata","Teleostei","Gadiformes","Gadidae","Melanogrammus|Merlangius","Melanogrammus aeglefinus|Merlangius merlangus","GG01_000777516",1,0.964705882352941,129088,0,0,0,0,870,0,0,0,0,0,1986,1906,0,6,4,0,1950,3592,0,0,0,0,0,0,0,0,0,6,0,0,1270,4,12670,0,0,3094,0,0,0,654,0,0,0,0,0,0,0,6,6006,4238,8,2,4,558,2,0,0,4,3970,2318,1458,0,0,3402,2332,4,4,0,2642,978,2,2378,0,136,14,1740,1048,440,622,420,546,3054,0,8,0,0,0,0,0,0,0,0,0,0,0,0,0,0,0,406,2,0,0,0,0,6,0,0,0,740,0,0,2,3078,6826,0,2,0,0,0,366,1830,0,2,0,0,0,0,146,7528,3080,888,0,1204,540,4820,2,0,644,2536,6,1064,1652,0,774,274,10,0,882,1304,186,324,1764,2,1396,3102,2,0,6,6,0,6826,3176,1118,4108,4,0,0,0,0,0,0,0,0,0,0,0,0,0,0,0,0,0,80,0,0,18,0,0,0,0
"Animalia","Chordata","Teleostei","Gadiformes","Gadidae","Micromesistius","Micromesistius poutassou","GG01_003580219",1,1,1800,0,0,0,0,0,0,0,0,0,0,0,0,0,0,0,0,0,0,0,0,0,0,0,0,0,0,0,0,0,0,0,0,0,0,0,0,0,0,0,0,0,0,0,0,0,0,0,0,0,0,0,0,0,0,0,0,0,0,0,0,0,0,0,0,0,0,0,0,0,0,0,0,0,0,0,0,0,0,0,0,0,0,0,0,0,0,0,0,0,0,0,0,0,0,0,0,0,0,0,0,0,1800,0,0,0,0,0,0,0,0,0,0,0,0,0,0,0,0,0,0,0,0,0,0,0,0,0,0,0,0,0,0,0,0,0,0,0,0,0,0,0,0,0,0,0,0,0,0,0,0,0,0,0,0,0,0,0,0,0,0,0,0,0,0,0,0,0,0,0,0,0,0,0,0,0,0,0,0,0,0,0,0,0,0,0,0,0,0,0,0,0
"Animalia","Chordata","Teleostei","Gadiformes","Gadidae","Pollachius","Pollachius virens","GG01_000188167",1,1,158788,0,0,0,0,0,0,0,0,2370,0,0,0,0,2338,0,0,9254,0,0,0,0,0,0,0,0,0,0,0,0,0,0,0,0,0,0,0,0,0,0,0,0,0,0,0,0,0,0,6,2588,2,7460,6,4,614,396,4,6,14,4114,2380,4542,0,0,0,4,4,0,2828,2950,3188,3106,4,0,70,2158,2192,4,4528,412,516,4144,2138,0,4722,4168,0,2,0,0,4,0,0,0,0,0,0,0,0,0,2,4,0,0,0,0,3280,0,0,0,2,0,0,0,208,1660,0,4,0,0,0,0,2070,5046,2,0,0,0,6950,80,2562,3224,436,2,9392,1254,4386,1690,0,26,460,8212,24,12,0,30,170,1512,2,480,6,6,522,8,1962,2144,2392,2,2,18322,2942,10,10,2,2,2062,1680,0,0,0,0,0,0,0,4,0,0,0,0,0,0,0,0,0,6,0,122,160,0,0,0,0
"Animalia","Chordata","Teleostei","Gadiformes","Gadidae","Trisopterus","Trisopterus esmarkii","GG01_002133882",0.994,0.952941176470588,2254,0,0,0,0,0,0,0,0,0,0,0,0,0,0,0,0,0,0,0,0,0,0,0,0,0,0,0,0,0,0,0,0,0,0,0,0,0,0,0,0,0,0,0,0,0,0,0,0,0,0,0,0,0,0,0,0,0,4,0,0,0,0,0,0,0,1618,0,0,0,0,0,0,0,0,0,0,0,0,0,0,632,0,0,0,0,0,0,0,0,0,0,0,0,0,0,0,0,0,0,0,0,0,0,0,0,0,0,0,0,0,0,0,0,0,0,0,0,0,0,0,0,0,0,0,0,0,0,0,0,0,0,0,0,0,0,0,0,0,0,0,0,0,0,0,0,0,0,0,0,0,0,0,0,0,0,0,0,0,0,0,0,0,0,0,0,0,0,0,0,0,0,0,0,0,0,0,0,0,0,0,0,0,0,0,0,0,0,0,0,0,0
"Animalia","Chordata","Teleostei","Gadiformes","Gadidae","Molva","Molva molva","GG01_004627878",0.988,0.988372093023256,1610,0,0,0,0,0,0,0,0,0,0,0,0,0,0,0,0,0,0,0,0,0,0,0,0,0,0,0,0,0,0,0,0,0,0,0,0,0,0,0,0,0,0,0,0,0,0,0,0,0,0,4,0,0,0,0,0,0,0,0,0,0,0,0,0,0,0,0,0,0,0,0,0,0,0,0,0,0,0,0,0,0,0,0,0,0,0,0,0,0,0,0,0,0,0,0,0,0,0,0,0,0,0,0,0,0,0,0,0,0,0,0,0,0,0,0,0,0,0,0,0,0,0,0,0,0,0,0,0,0,0,0,0,0,0,204,0,78,0,0,0,0,0,0,0,0,0,0,0,0,0,0,0,0,0,0,0,0,1324,0,0,0,0,0,0,0,0,0,0,0,0,0,0,0,0,0,0,0,0,0,0,0,0,0,0,0,0,0,0,0,0,0
"Animalia","Chordata","Teleostei","Perciformes","Gobiidae","Crystallogobius","Crystallogobius linearis","GG01_001119424",1,1,9840,0,0,0,0,0,0,0,0,0,0,0,0,0,0,0,0,0,0,0,0,0,0,0,0,0,0,0,0,0,0,0,0,0,0,0,0,0,0,0,0,0,0,0,0,0,0,0,2734,0,0,0,0,0,0,0,0,0,0,0,0,0,0,0,0,0,0,0,4308,0,758,0,0,0,2036,0,0,0,0,0,0,0,0,0,0,0,0,0,0,0,0,0,0,0,0,0,0,0,0,0,0,0,0,0,0,0,0,0,0,2,0,0,0,0,0,0,0,0,0,0,0,0,0,0,0,0,0,0,0,0,0,0,0,2,0,0,0,0,0,0,0,0,0,0,0,0,0,0,0,0,0,0,0,0,0,0,0,0,0,0,0,0,0,0,0,0,0,0,0,0,0,0,0,0,0,0,0,0,0,0,0,0,0,0,0,0,0,0,0,0,0,0
"Animalia","Chordata","Teleostei","Perciformes","Gobiidae","Pomatoschistus","Pomatoschistus minutus","GG01_005386851",0.941,0.936046511627907,56632,0,0,0,0,0,0,0,0,0,0,0,0,0,0,2,0,0,0,0,0,0,10292,0,0,0,2,0,0,0,0,0,0,0,12696,0,0,0,3422,0,0,2640,4,0,0,0,0,0,0,0,0,0,0,0,0,2,0,0,0,0,3172,0,1378,0,2,0,0,2,0,0,0,0,0,0,0,476,4,0,0,0,0,0,0,0,2,0,0,0,0,2,0,0,0,0,0,0,0,0,0,0,0,0,0,0,0,0,2,0,0,0,0,0,0,0,0,0,0,0,0,0,0,0,0,0,0,0,0,0,0,2,0,0,0,2,2,0,13626,0,0,2,2,0,0,0,0,0,0,0,0,0,0,0,0,0,0,0,8882,0,0,0,4,0,2,0,0,0,2,0,0,0,0,0,0,0,0,0,0,0,0,0,0,0,2,0,0,0,0,4,0,0,0,0
"Animalia","Chordata","Teleostei","Myctophiformes","Myctophidae","Protomyctophum","Protomyctophum arcticum","GG01_000404053",0.994,0.994152046783626,56,0,0,0,0,0,0,0,0,0,0,0,0,0,0,0,0,52,0,0,0,0,0,0,0,0,0,0,0,0,0,0,0,0,0,0,0,0,0,0,0,0,0,0,0,0,0,0,0,0,0,0,0,0,0,0,0,0,0,0,0,0,0,0,0,0,0,0,0,0,0,0,0,0,0,0,0,0,0,0,0,0,0,0,0,0,0,0,0,0,0,0,0,0,0,0,0,0,0,0,0,0,0,0,0,0,0,0,0,0,0,0,0,0,0,0,0,0,0,0,0,0,0,0,0,0,0,0,0,0,0,0,0,0,0,0,0,0,0,0,0,0,0,0,0,0,0,0,0,0,0,0,0,0,0,0,0,0,0,0,0,0,0,0,0,0,0,0,0,0,0,0,0,0,0,0,0,0,0,0,0,0,0,0,4,0,0,0,0,0,0,0
"Animalia","Chordata","Teleostei","Osmeriformes","Osmeridae","Mallotus","Mallotus villosus","GG01_000021185",0.994,0.994047619047619,12102332,0,70304,3100,6,2,4,4,10,0,10,1372,6580,2,242,2040,4,256,0,0,210,5816,436,15670,10472,2,0,4,780,120,4,4,26074,4454,15910,0,1640,7958,3552,20624,6072,2,2,2,0,42,34,8,333042,361334,429980,283630,243324,134820,320624,349064,168280,175238,71294,225032,374418,298906,218478,8,510806,341478,269322,307826,355400,141090,320852,197632,344002,0,617232,360122,477676,564174,432256,563584,706924,256972,405614,62,3432,4750,16,26782,1502,496,4,2,14,2,4004,14,4,2,48540,10376,239346,39828,12914,12,9548,15520,98442,16534,2,2,6886,3704,6,2534,12,4,10,12658,8,6,4,7354,5094,74,3270,156,0,0,0,1606,48,3336,4,80,6658,1344,6510,1622,14,16,6,2228,1180,1816,4,798,10,1590,2,16,268,132,150,3624,4634,34,4688,738,6952,17876,276,942,5066,3922,8628,10502,3440,0,0,0,2,8,18,2,44,6,12,14,6,0,6,4,22,4,61974,0,972,266,6,14,0,0
"Animalia","Chordata","Teleostei","Perciformes","Anarhichadidae","Anarhichas","Anarhichas spp.","GG01_001545321",0.957,0.941520467836257,272030,0,0,1962,0,0,0,0,0,776,0,15232,0,0,6966,2974,0,0,13240,3456,0,0,2,0,12860,2,0,0,0,2,0,0,0,0,0,0,3946,0,0,0,0,0,0,0,0,0,0,0,1862,4292,0,4,6314,2,1190,0,4,2,12,6092,3984,10,2,0,3668,14,4,0,4,4,6876,6,12,0,0,4370,7600,18,1580,2288,12,4,1006,6,2042,2,0,2,0,0,0,0,0,0,0,0,0,0,2,2,0,18,1570,966,0,3614,0,4,0,0,0,6,0,1236,0,0,0,1656,0,0,0,0,0,16,6096,0,0,0,0,4,0,12104,106,10,4458,0,0,5772,0,1992,2922,0,2,5832,6,3170,0,4182,8,2,914,7530,1728,2,5382,904,6220,5954,5850,11394,5694,4830,7462,20986,8906,4480,2390,0,0,0,0,0,4,0,0,0,18,0,0,0,0,0,4,0,110,0,572,230,2,2,0,0
"Animalia","Chordata","Teleostei","Perciformes","Stichaeidae","Lumpenus","Lumpenus lampretaeformis","GG01_000760830",0.933,0.897142857142857,46,0,0,0,0,0,0,0,0,0,0,0,0,0,0,0,0,0,0,0,0,0,0,0,0,0,0,0,0,0,0,0,2,0,0,0,0,0,0,0,0,0,0,0,0,0,0,0,0,0,0,0,0,0,0,0,0,0,0,0,0,0,0,0,0,0,0,0,0,0,0,0,0,0,0,0,0,0,0,0,0,0,0,0,0,0,0,0,0,0,0,0,0,0,0,0,0,0,0,0,0,0,0,2,0,0,0,0,0,0,0,0,0,2,0,0,0,4,0,0,0,0,0,0,0,0,0,0,0,0,0,0,2,0,0,2,0,0,0,0,4,0,20,0,0,0,0,0,0,4,0,0,0,0,0,0,0,2,0,0,0,0,0,2,0,0,0,0,0,0,0,0,0,0,0,0,0,0,0,0,0,0,0,0,0,0,0,0,0,0,0,0
"Animalia","Chordata","Teleostei","Scorpaeniformes","Cottidae","Micrenophrys","Micrenophrys lilljeborgii","GG01_005667087",0.965,0.905882352941176,11302,0,0,0,0,0,0,0,0,0,0,0,0,0,2,0,0,0,0,0,0,0,0,0,2,0,0,0,0,0,0,0,0,0,0,0,0,0,0,0,0,0,0,0,0,0,0,0,1000,0,0,0,0,0,0,0,2,0,0,0,0,0,0,0,0,0,0,0,2,0,0,0,0,0,0,2,0,2,0,5440,406,0,0,0,0,0,0,0,0,0,0,0,0,0,0,0,0,0,2,2,0,0,0,0,0,0,0,0,0,0,0,0,0,0,0,0,0,2,0,0,0,0,0,0,0,0,0,0,0,0,2,0,0,2,0,0,0,0,0,0,0,2,0,0,0,0,0,0,0,0,0,0,0,0,0,0,0,0,0,0,0,0,2,4410,0,0,4,0,0,0,0,0,0,6,0,0,0,0,0,0,0,0,0,0,10,0,0,0,0,0,0,0
"Animalia","Chordata","Teleostei","Scorpaeniformes","Cottidae","Triglops","Triglops murrayi","GG01_003964514",0.922,0.868571428571429,4834,0,0,0,0,0,0,0,0,0,0,0,0,0,0,0,0,0,0,0,0,0,0,0,0,0,0,0,0,0,0,0,0,0,0,0,0,0,0,0,0,0,0,0,0,0,0,0,0,0,0,0,0,0,0,0,0,0,0,0,0,0,0,0,0,0,0,0,0,0,0,0,0,0,0,0,0,0,0,0,0,0,0,0,0,0,0,0,0,0,0,0,0,0,0,0,0,0,0,0,0,0,0,4768,0,0,4,0,0,0,0,0,0,0,0,0,0,0,0,0,0,0,0,0,0,0,0,0,0,0,0,0,0,0,0,0,0,0,0,0,0,0,0,0,0,0,0,2,0,0,0,0,0,0,0,0,0,0,0,0,0,0,0,0,0,0,0,0,0,0,0,0,0,0,0,0,0,0,0,0,0,0,0,0,60,0,0,0,0,0,0,0
"Animalia","Chordata","Teleostei","Perciformes","Stichaeidae","Leptoclinus","Leptoclinus maculatus","GG01_006576802",0.93,0.924418604651163,285620,0,160,0,0,0,6800,0,0,0,0,5240,0,0,4,848,0,3274,746,0,0,0,0,0,2,0,0,0,0,0,0,0,254,0,0,0,0,0,0,3022,5046,0,0,0,0,2,0,0,540,0,3052,858,6,2,2,2526,0,4,2,0,6,454,0,0,12,2544,6,4,4,2,6,4,4,0,198,148,2,1798,2,680,504,2,2,0,2,2,0,2,0,0,0,0,0,0,0,2,0,0,1336,0,0,5584,2,2046,0,66,1024,0,0,0,2312,18062,2,1430,0,582,0,724,0,0,0,294,3376,2,0,0,0,0,4,82,0,0,110,8,186,64,2,2,0,6,96,0,1438,0,20,860,2,10,0,346,0,0,2,0,0,0,0,2104,2,8,2,0,2206,522,4,0,1502,0,0,0,0,0,2,0,0,0,108660,0,0,6198,0,0,6,0,74010,0,650,434,8578,1872,0,0
"Animalia","Chordata","Teleostei","Scorpaeniformes","Cottidae","Myoxocephalus","Myoxocephalus scorpius","GG01_006379296",0.936,0.930635838150289,333220,0,0,0,0,0,2,0,0,0,0,0,0,0,6,4,0,0,2,10,0,2,2,0,2,0,0,2,2,0,0,0,4,0,0,0,2,0,0,0,2,2,0,0,0,0,0,0,17280,8,6,10828,10,2,9090,6,7670,14544,12,4594,10,6642,0,0,4816,2,4,4,2,2246,6,10788,11772,0,2204,16,1162,5564,12944,7348,5282,1250,5624,0,2,0,0,4,0,2,0,0,0,0,2,0,0,2,4,2,0,2,6,2,14,4,10,0,0,0,0,2,0,4,2,2,0,18,0,0,0,0,0,2,0,0,0,0,0,0,10858,4088,4804,40,2,2,2,0,0,2,5844,10566,324,6,0,1938,4,2266,6,8,1624,4,1344,14,2,18,0,9262,0,6,13222,6,6,17282,8,14,18942,0,0,0,0,0,4,0,2,0,6,0,2,2,0,48504,18,0,39824,0,230,14,232,2,0,0
"Animalia","Chordata","Teleostei","Scorpaeniformes","Cottidae","Artediellus","Artediellus scaber","GG01_006470264",0.994,0.95906432748538,150,0,0,0,0,0,0,0,0,0,0,0,0,0,0,0,0,0,0,0,0,0,0,0,0,0,0,0,0,0,0,0,0,0,0,0,0,0,0,0,0,0,0,0,0,0,0,0,0,0,0,0,0,0,0,0,0,0,0,0,0,0,0,0,0,0,0,0,0,0,0,0,0,0,0,0,0,0,0,0,0,0,0,0,0,0,0,0,0,0,0,0,0,0,0,0,0,0,0,0,0,0,0,0,0,0,0,0,0,0,0,0,0,0,0,0,0,0,0,0,0,0,0,0,0,0,0,0,0,0,0,0,0,0,0,0,0,0,0,0,0,0,0,0,0,0,0,0,0,0,0,0,0,0,0,0,0,0,0,0,0,0,0,0,0,0,0,0,0,0,0,0,0,0,0,0,0,0,0,0,0,0,0,0,150,0,0,0,0,0,0,0
"Animalia","Chordata","Teleostei","Perciformes","Stichaeidae","Chirolophis","Chirolophis ascanii","GG01_001346719",0.959,0.947674418604651,42232,0,0,0,0,0,0,0,0,0,0,2,0,0,0,0,0,0,0,0,0,0,0,0,2,0,0,0,0,0,0,0,2,0,0,0,0,0,0,0,2,0,0,0,0,2,0,0,1486,6,7110,1966,0,0,2,5664,0,0,0,0,0,1116,0,0,0,4724,8,0,2,2,2,0,0,0,396,382,0,2168,0,1496,2,0,2,0,0,0,0,2,0,0,4,0,0,0,0,0,0,0,0,0,2,2,0,0,2,0,2702,0,0,0,0,2,0,0,0,0,0,0,0,2,0,0,0,0,0,0,0,0,0,0,2,0,0,12,576,0,0,0,0,0,0,0,0,0,0,1992,0,0,0,0,2,0,0,0,0,2,0,0,0,6,0,0,6402,0,0,2,3948,0,0,0,0,0,0,0,0,0,6,0,0,0,0,0,0,0,14,0,0,2,4,0,0,0
"Animalia","Chordata","Teleostei","Scorpaeniformes","Cottidae","Artediellus|Icelus","Artediellus atlanticus|Icelus cataphractus|Icelus spatula","GG01_000352103",1,1,5108,0,0,0,0,0,0,0,0,0,0,0,0,0,0,4994,0,0,0,0,0,0,0,0,0,0,0,0,0,0,0,0,0,0,0,0,0,0,0,0,0,0,0,0,0,0,0,0,0,0,0,0,0,0,0,0,0,0,0,0,0,0,0,0,0,0,0,0,0,0,0,0,0,0,0,0,0,0,0,0,0,0,0,0,0,0,0,0,0,0,0,0,0,0,0,0,0,0,0,0,0,2,0,0,6,0,0,0,0,0,0,0,0,0,0,0,0,0,0,0,0,0,0,0,0,0,0,0,0,0,0,0,0,0,0,0,0,0,0,0,0,0,0,0,0,0,0,0,0,0,0,0,0,0,0,0,0,0,0,0,0,0,0,0,6,0,0,0,0,0,0,0,0,0,0,0,0,0,0,0,0,0,0,0,98,0,0,2,0,0,0,0
"Animalia","Chordata","Teleostei","Scorpaeniformes","Cottidae","Taurulus","Taurulus bubalis","GG01_000375099",1,0.988095238095238,146538,0,0,0,0,0,2,0,0,2,0,0,0,0,6,2,0,8,0,0,0,4,0,0,0,0,0,0,0,0,0,0,0,0,0,0,2,0,0,0,2,0,0,0,0,2,0,2,24,6744,2,2,10798,0,6,0,4,2,0,4,3794,2,7518,0,4,0,8038,0,0,4,4,8,6424,0,2296,4,2,4406,8,7546,3364,2132,3328,0,2,0,0,4,0,0,0,2,0,0,0,0,0,0,2,4,0,2,4,0,4,0,2,0,0,0,0,4,0,0,0,0,0,10,0,0,0,0,0,2,0,0,0,0,0,0,4,11884,6,4,0,2,4,0,0,0,4,8,4,0,0,2,2,4,4,0,4,0,0,5568,0,2,0,8,2,0,20596,11804,8,9790,4,14266,5894,2,0,0,0,0,2,0,2,0,6,0,0,0,0,14,2,0,70,0,20,0,0,0,0,0
"Animalia","Chordata","Teleostei","Scorpaeniformes","Cyclopteridae","Cyclopterus","Cyclopterus lumpus","GG01_001789296",0.953,0.947976878612717,722806,0,2,0,0,0,2,2,0,0,0,0,0,0,4,2,0,2,4,0,0,0,6,0,8,0,0,0,0,0,0,0,4,0,0,0,0,0,2,4,0,0,0,0,0,18,0,0,4402,15816,26,10346,9732,2,15336,5326,904,4,20,12048,5408,19178,1130,2,3094,3252,9280,7346,4,3554,0,8700,20152,0,2350,2344,5216,3098,7578,4530,4950,3600,8762,0,2,4,0,0,0,0,2,0,0,2,0,2,0,0,12,4,0,10,0,4,22,4,30,2,0,2,2,10,2,6446,0,2,0,1114,0,0,0,0,2,8,2,2,0,0,15646,14,0,21156,3726,32,8,4,19978,2256,4,3228,2,7216,3062,8790,2522,2976,1094,22068,22,2,3010,4418,2,2,4,214,0,12,7968,11070,15890,2528,29724,15392,16900,24308,46122,0,0,0,0,0,0,4,2,0,22,0,2,0,0,0,182182,0,40686,0,752,112,352,2078,2,0
"Animalia","Chordata","Teleostei","Gasterosteiformes","Gasterosteidae","Gasterosteus","Gasterosteus aculeatus","GG01_000614768",1,1,35062,0,0,0,2,0,0,0,0,0,0,0,0,0,0,0,0,0,0,0,0,0,0,0,0,0,2,6528,0,0,0,0,0,0,0,0,0,0,0,0,0,0,0,0,0,0,0,0,0,0,2,0,0,0,0,0,0,0,0,0,2,0,0,0,0,0,0,0,0,0,0,0,0,0,0,0,0,0,0,0,2,0,0,0,3460,0,0,0,0,0,0,0,0,0,0,0,0,0,0,6740,0,0,2,0,0,0,2,4366,0,0,0,0,0,0,0,0,0,2,0,0,0,0,0,4,0,0,0,0,0,0,0,0,0,0,0,0,0,0,0,5136,0,0,1198,0,0,0,0,0,0,0,0,0,0,0,0,0,7580,0,2,0,0,0,2,2,2,0,0,0,0,0,0,0,0,0,0,2,12,0,0,0,0,0,0,0,2,0,10,0,0,0,0,0
"Animalia","Chordata","Teleostei","Scorpaeniformes","Liparidae","Careproctus","Careproctus reinhardti","GG01_006532009",1,0.964285714285714,132,0,0,0,0,0,0,0,0,0,0,0,0,0,0,0,0,0,0,0,0,0,0,0,0,0,0,0,0,0,0,0,0,0,0,0,0,0,0,0,0,0,0,0,0,0,0,0,0,0,0,0,0,0,0,0,0,0,0,0,0,0,0,0,0,0,0,0,0,0,0,0,0,0,0,0,0,0,0,0,0,0,0,0,0,0,0,0,0,0,0,0,0,0,0,0,0,0,0,0,0,0,0,0,0,0,0,0,0,0,0,0,0,0,0,0,0,0,0,0,0,0,0,0,0,0,0,0,0,0,0,0,0,0,0,0,0,0,0,0,0,0,0,0,0,0,0,0,0,0,0,0,0,0,0,0,0,0,0,0,0,0,0,0,0,0,0,0,0,0,0,0,0,0,0,0,0,0,0,0,0,0,0,0,128,0,0,4,0,0,0,0
"Animalia","Chordata","Teleostei","Scorpaeniformes","Liparidae","Liparis","Liparis montagui","GG01_001350806",1,0.941520467836257,88578,0,0,0,0,0,0,0,0,0,0,2,0,0,2,0,11508,0,0,0,0,0,0,0,0,0,0,0,0,0,0,0,0,0,0,2,0,0,0,0,0,0,0,0,0,0,6,0,2,4,12050,0,3638,0,2,6652,2,0,0,0,5870,7530,0,0,0,0,0,4,0,2,2,1936,5124,0,1596,0,0,6488,932,0,914,0,2,0,0,0,0,0,0,0,0,0,0,0,0,0,0,0,0,2,0,4,0,0,6,2,0,0,0,0,0,0,0,0,2,0,0,6,0,0,0,0,0,0,0,0,0,0,0,0,0,6,0,2,0,2,2,0,0,0,0,0,0,0,0,0,4,0,0,0,1888,0,2,0,0,0,4,0,0,1604,1184,4656,3792,8,11112,0,4,0,0,0,0,0,0,0,0,0,0,0,0,0,0,4,4,0,4,0,2,0,0,0,2,0
"Animalia","Chordata","Teleostei","Scorpaeniformes","Scorpaenidae","Sebastes","Sebastes spp.","GG01_003013817",0.946,0.935294117647059,42470,0,0,0,0,0,0,0,0,0,0,2190,0,0,0,0,0,0,2626,0,0,0,0,0,1696,0,0,0,0,0,0,0,0,0,2,0,0,0,0,402,0,0,0,0,0,0,0,0,0,0,0,2,0,0,0,0,2,0,0,0,0,1186,862,0,0,0,0,2,2,790,602,0,0,0,0,468,942,0,1084,28,1540,828,0,0,0,0,0,0,0,0,0,0,0,0,0,0,0,0,600,0,0,0,0,0,0,0,940,0,0,0,0,0,0,0,0,0,0,0,0,0,0,0,0,0,0,0,0,0,0,4,0,0,112,0,0,0,2,3634,0,554,0,3674,0,0,0,0,0,3400,2,0,0,0,302,0,3012,0,0,2430,0,4098,4180,0,0,0,0,0,0,0,0,0,0,0,0,0,0,0,0,0,0,0,0,0,0,0,48,0,202,22,0,0,0,0
"Animalia","Chordata","Teleostei","Perciformes","Zoarcidae","Lycodes","Lycodes vahlii","GG01_000520252",1,0.952941176470588,15578,0,0,0,0,0,0,0,0,0,0,0,0,0,0,2178,0,0,0,0,0,0,5620,0,0,0,0,0,0,0,0,0,0,0,0,0,2452,0,0,0,0,0,0,0,0,0,0,0,0,0,0,0,0,0,0,0,0,0,0,6,0,0,2,0,0,0,0,0,0,0,0,2,0,0,0,0,0,0,0,0,0,0,0,0,0,0,0,0,0,0,3480,0,0,0,0,0,0,0,390,0,0,2,0,0,0,0,0,0,0,0,0,0,0,800,0,0,2,0,0,0,0,284,0,0,0,0,0,0,0,0,0,0,0,0,0,0,0,0,0,0,0,0,0,2,0,0,0,0,0,0,0,0,0,0,0,0,0,0,0,0,0,0,0,0,0,2,2,0,0,0,0,0,0,0,0,0,0,0,0,0,0,0,0,0,352,0,2,0,0,0,0,0
"Animalia","Chordata","Teleostei","Perciformes","Zoarcidae","Zoarces","Zoarces viviparus","GG01_002416207",0.994,0.935672514619883,10824,0,0,0,0,0,0,0,0,0,0,0,0,0,0,0,0,0,0,0,0,0,0,0,0,0,0,0,0,0,0,0,0,0,0,0,0,0,0,0,0,0,0,0,0,0,0,0,0,0,0,0,0,0,0,0,0,0,0,0,0,0,0,0,0,0,2332,0,0,0,0,0,1648,0,0,0,0,0,0,0,0,0,0,0,0,0,0,0,0,0,0,0,0,0,0,0,0,0,0,0,0,0,0,0,0,0,0,4524,0,0,0,0,0,0,0,0,0,0,0,0,0,0,0,0,0,0,0,0,0,0,0,0,0,0,0,0,0,0,0,0,0,0,0,0,0,0,0,0,0,0,0,0,0,0,0,0,0,0,0,0,0,0,0,0,0,2318,0,0,0,0,0,0,0,0,0,0,0,0,0,0,0,0,0,0,2,0,0,0,0,0,0,0
"Animalia","Chordata","Teleostei","Pleuronectiformes","Pleuronectidae","Hippoglossus","Hippoglossus hippoglossus","GG01_000853310",0.909,0.901162790697674,60,0,0,0,0,0,0,0,0,0,0,0,0,0,0,0,0,0,0,0,0,0,0,0,0,0,0,0,0,0,0,0,0,0,0,0,0,2,0,0,4,0,0,0,0,0,0,0,0,0,0,0,0,0,0,0,0,0,0,0,0,0,0,0,0,0,0,0,0,0,0,0,0,0,0,0,0,0,0,0,0,0,0,0,0,0,0,0,0,0,0,0,0,0,0,0,0,0,6,0,2,8,4,0,6,6,4,0,0,0,0,0,0,0,0,0,0,0,0,0,0,0,0,0,0,0,0,0,0,2,0,0,0,4,0,0,0,0,0,0,4,2,0,2,0,0,0,0,0,0,2,0,0,0,0,0,0,0,0,0,0,0,2,0,0,0,0,0,0,0,0,0,0,0,0,0,0,0,0,0,0,0,0,0,0,0,0,0,0,0,0,0
"Animalia","Chordata","Teleostei","Pleuronectiformes",NA,NA,NA,"GG01_003399097",0.885057471264368,0.885057471264368,222,0,0,0,0,0,0,0,0,0,0,0,0,0,0,0,0,0,0,0,0,0,0,0,0,0,0,0,0,0,0,0,0,0,0,0,0,0,0,0,0,0,0,0,0,0,0,0,0,0,0,0,0,0,0,0,0,0,0,0,0,0,0,0,0,0,0,0,0,0,0,0,0,0,0,0,0,0,0,0,0,0,0,0,0,0,0,0,0,0,0,0,0,0,0,0,0,0,2,0,0,2,0,0,2,0,0,0,0,0,0,0,0,0,0,0,0,0,0,0,0,2,0,0,0,0,0,0,0,0,0,0,4,0,0,6,0,0,0,12,14,0,14,34,0,18,4,0,0,12,34,0,4,14,0,10,18,0,0,4,0,2,0,0,0,0,0,0,0,0,0,0,0,0,0,0,0,0,0,0,0,0,0,0,10,0,0,0,0,0,0,0
"Animalia","Chordata","Teleostei","Pleuronectiformes","Pleuronectidae","Glyptocephalus","Glyptocephalus cynoglossus","GG01_002139831",0.959,0.930232558139535,6466,0,0,0,0,0,0,0,0,0,0,0,0,0,956,0,0,0,0,0,0,0,0,0,0,0,0,0,0,0,0,0,0,0,0,0,0,0,0,0,0,0,0,0,0,0,0,0,0,0,0,0,0,0,0,0,0,0,0,0,0,0,0,0,0,0,2210,0,0,4,0,0,0,0,0,0,0,0,0,0,0,0,0,0,0,0,0,0,0,0,0,0,0,0,0,0,0,0,814,586,254,0,0,0,340,0,2,518,0,0,0,0,0,0,0,0,0,2,0,0,0,0,776,0,0,0,0,0,0,0,0,0,0,0,0,0,0,0,0,0,0,0,0,0,0,0,0,0,0,0,0,0,0,0,0,0,0,0,0,0,0,0,0,0,0,0,0,0,0,0,0,0,0,0,0,0,0,0,0,0,0,0,0,0,0,0,4,0,0,0,0,0
"Animalia","Chordata","Teleostei","Pleuronectiformes","Pleuronectidae","Hippoglossoides","Hippoglossoides platessoides","GG01_003521726",0.971,0.964912280701754,8001550,4,8214,0,0,3124,6890,2,2,0,2,13672,4,0,17626,20870,0,5686,10148,6574,350,0,6,22346,4,7552,2,2,24914,10,0,12842,17432,4,10,0,9522,34610,10024,27240,22970,10800,8,2,4,4,8,14,114,6226,17484,23078,6860,5230,4112,26,14,8444,62,10594,17434,7970,16,2,50,26,6468,6320,36,5316,34,42,62,2,2288,36,30,8332,2664,4334,1404,12608,3538,36,28,6,26,16172,0,0,8272,8310,8,2,13990,8,4340,5484,244546,360178,113180,477750,233500,25770,510316,240740,543854,63728,4,2,85024,3722,20754,40130,3832,4332,15434,99376,30014,23738,0,1580,1512,5490,13682,8,2,0,4,10786,18,48,896,2365814,8,22742,12,8010,12,20214,19004,14392,17906,85618,3454,26576,4820,32,16,27586,26264,8,5220,51290,14,3210,34158,22292,10932,26480,8054,21906,13326,48,15378,5366,3968,40,56,2,0,6198,798,10,2,0,46,4,0,6,10184,18,320,4,101078,2,874216,456942,872,1018,216,2
"Animalia","Chordata","Teleostei","Pleuronectiformes","Pleuronectidae","Pleuronectes","Pleuronectes platessa","GG01_006624657",0.918,0.91812865497076,600,0,0,0,0,0,0,0,0,0,0,0,0,0,0,0,0,0,0,0,0,0,0,0,0,0,0,0,0,0,0,0,0,0,0,0,0,0,0,0,0,0,0,0,0,0,0,0,0,0,0,0,2,0,0,0,0,0,0,0,2,0,0,0,0,0,0,0,0,0,0,0,0,0,0,0,0,0,0,0,0,0,0,0,0,0,0,0,0,0,0,0,0,0,0,0,0,0,0,0,0,0,0,0,0,0,0,0,0,0,0,0,0,0,0,0,0,0,0,0,0,0,0,0,0,0,0,0,0,0,0,0,0,0,0,0,0,0,0,2,0,0,0,0,0,4,0,0,0,0,0,0,0,6,0,0,0,0,0,0,0,0,0,0,0,0,0,0,0,0,0,0,6,0,0,0,0,0,0,0,16,0,0,0,66,0,350,138,2,6,0,0
"Animalia","Chordata","Teleostei","Pleuronectiformes","Pleuronectidae",NA,NA,"GG01_003454676",0.872093023255814,0.872093023255814,14,0,0,0,0,0,0,0,0,0,0,0,0,0,0,0,0,0,0,0,0,0,0,0,0,0,0,0,0,0,0,0,0,0,0,0,0,0,0,0,0,0,0,0,0,0,0,0,0,0,0,0,0,0,0,0,0,0,0,0,0,0,0,0,0,0,0,0,0,0,0,0,0,0,0,0,0,0,0,0,0,0,0,0,0,0,0,0,0,0,0,0,0,0,0,0,0,0,0,2,0,0,6,0,2,2,2,0,0,0,0,0,0,0,0,0,0,0,0,0,0,0,0,0,0,0,0,0,0,0,0,0,0,0,0,0,0,0,0,0,0,0,0,0,0,0,0,0,0,0,0,0,0,0,0,0,0,0,0,0,0,0,0,0,0,0,0,0,0,0,0,0,0,0,0,0,0,0,0,0,0,0,0,0,0,0,0,0,0,0,0,0
"Animalia","Chordata","Teleostei","Pleuronectiformes","Scophthalmidae","Zeugopterus","Zeugopterus norvegicus","GG01_000399011",1,1,12946,0,0,0,0,0,0,0,0,0,0,0,0,0,0,0,0,4918,0,0,0,0,0,0,0,0,0,0,0,5296,0,0,0,0,0,0,0,0,0,0,0,0,0,0,0,0,0,0,0,0,0,0,0,0,0,0,0,0,0,0,0,0,0,0,0,0,0,0,0,0,0,0,0,0,0,0,0,0,1620,0,2,0,0,0,0,0,0,0,0,0,0,0,0,0,0,0,0,0,0,0,0,0,0,0,0,0,0,0,0,0,0,0,0,0,0,0,0,0,0,0,0,0,0,0,0,0,0,0,0,0,0,0,0,0,0,0,0,0,0,0,0,0,0,0,0,0,0,0,0,0,0,0,0,0,0,0,0,0,0,0,2,0,0,0,0,0,0,0,0,0,0,0,0,0,0,0,0,0,0,0,0,0,0,0,0,0,770,338,0,0,0,0
"Animalia","Chordata","Teleostei","Salmoniformes","Salmonidae","Salmo","Salmo salar","GG01_001362595",0.933,0.91812865497076,974894,0,2,0,1536,4,0,0,0,0,0,8,2,0,0,0,0,0,0,2,0,0,0,0,0,0,0,0,2,0,0,0,0,2,0,0,0,0,0,0,0,0,0,0,24,18,14538,0,46648,7778,38632,10440,9032,14300,27456,11274,758,8870,28,14460,27824,20916,12184,4,28434,12,8102,25930,52,11340,14066,21252,31306,2,6914,14036,12134,1988,8476,20884,14178,21584,11616,0,2,4,0,6,4,3528,2,0,6,0,0,2334,0,0,4,10,2,4,2660,2,10,0,16,0,0,0,2,0,0,0,2,0,2,14,0,0,0,2,2,12148,0,0,0,2,0,356,0,22996,1470,8,7916,6326,4840,8188,2,774,1918,22032,4,1548,0,10,646,15138,30,1292,2750,15136,764,11654,11758,716,2780,39892,25270,42716,10550,39952,34650,24652,7154,12718,43512,0,0,0,0,2,0,4570,2,0,0,0,0,0,0,2,2,0,138,0,5664,2512,2,66,0,0
"Animalia","Chordata","Teleostei","Salmoniformes","Salmonidae",NA,NA,"GG01_001059443",0.873563218390805,0.873563218390805,124,0,0,0,0,0,0,0,0,0,0,0,0,0,0,0,0,0,0,0,0,0,0,0,0,0,0,0,0,0,0,0,0,0,0,0,0,0,0,0,0,0,0,0,0,0,2,0,0,2,0,0,0,0,2,0,0,0,0,0,2,0,4,0,4,0,2,0,0,2,2,4,2,0,0,2,0,0,0,0,0,4,10,0,0,0,0,0,0,0,0,0,0,0,0,4,0,0,0,0,0,0,0,0,0,0,0,0,0,0,0,0,0,0,0,0,0,0,0,0,0,0,0,4,0,0,0,0,0,0,0,2,0,0,0,0,2,4,0,0,0,4,0,0,0,0,0,4,0,0,2,0,0,0,6,0,0,0,2,4,0,0,2,4,6,4,26,0,0,0,0,0,0,0,0,0,0,0,0,0,0,0,0,0,0,0,0,0,0,0,0,0
"Animalia","Chordata","Teleostei","Salmoniformes","Salmonidae","Salvelinus","Salvelinus alpinus","GG01_006606010",0.947,0.947976878612717,6452,0,0,0,0,0,0,0,0,0,0,0,0,0,0,0,0,0,0,0,0,0,0,0,0,0,0,0,0,0,0,0,0,0,0,0,0,0,0,0,0,0,0,0,0,0,0,0,2,0,0,0,0,0,0,0,0,0,0,2,0,0,0,0,0,0,0,2,0,0,0,0,0,0,0,2,0,0,0,0,2,0,0,0,0,0,0,0,0,0,0,0,0,0,0,0,0,0,0,0,0,0,0,0,0,0,0,0,0,0,0,0,0,0,0,0,0,0,0,0,0,0,0,0,0,0,0,0,0,0,2,0,0,2,0,0,0,0,0,0,0,0,0,0,0,0,0,0,0,0,0,0,0,0,0,0,0,0,0,4,0,4,4,0,0,0,0,0,2,0,0,0,0,0,0,0,0,0,0,0,0,0,0,0,66,0,4488,1870,0,0,0,0
"Animalia","Chordata","Teleostei","Salmoniformes","Salmonidae","Salmo","Salmo trutta","GG01_005330486",1,1,1012,0,0,0,0,0,0,0,0,0,0,0,0,0,0,0,0,0,0,0,0,0,0,0,0,0,0,0,0,0,0,0,0,0,0,0,0,0,0,0,0,0,0,0,0,0,0,0,0,0,0,0,0,0,0,0,0,0,0,0,0,0,0,0,0,0,0,0,0,0,0,0,0,0,0,0,0,0,0,0,0,0,0,0,0,0,0,0,0,0,0,0,0,0,0,0,0,0,0,0,0,0,0,0,0,0,0,0,0,0,0,0,0,0,0,0,0,0,0,0,0,0,0,0,0,0,0,0,0,0,0,0,0,0,0,0,0,0,0,0,0,0,0,0,0,0,0,0,0,0,0,0,0,0,1012,0,0,0,0,0,0,0,0,0,0,0,0,0,0,0,0,0,0,0,0,0,0,0,0,0,0,0,0,0,0,0,0,0,0,0,0,0
"Animalia","Chordata","Aves","Anseriformes","Anatidae","Somateria","Somateria spp.","GG01_000102460",1,0.884210526315789,650,0,0,0,0,0,276,0,0,0,0,0,0,0,0,0,0,0,0,0,0,0,0,0,0,0,0,0,0,0,0,0,0,0,0,0,0,0,0,52,0,0,0,0,0,0,0,0,0,0,0,0,48,0,0,0,26,0,0,0,0,0,0,0,0,0,0,0,0,0,0,0,0,0,0,0,8,0,0,0,0,0,0,0,0,0,0,0,0,0,0,0,0,0,0,0,0,0,0,0,0,0,0,0,0,0,0,0,0,0,0,0,0,0,0,0,0,0,0,0,0,0,0,0,166,0,0,0,0,0,0,0,0,0,0,0,0,0,0,0,0,0,0,0,0,0,0,0,0,0,0,0,0,0,0,0,0,0,74,0,0,0,0,0,0,0,0,0,0,0,0,0,0,0,0,0,0,0,0,0,0,0,0,0,0,0,0,0,0,0,0,0
"Animalia","Chordata","Chondrichthyes","Chimaeriformes","Chimaeridae","Chimaera","Chimaera monstrosa","GG01_000399376",1,1,4740,0,0,0,0,0,0,0,0,0,0,0,0,0,0,0,0,1810,0,0,0,0,0,0,0,0,0,0,0,0,0,0,0,0,0,0,0,0,0,0,0,0,0,0,0,0,0,0,0,0,0,0,0,0,0,0,0,0,0,0,0,0,0,0,0,0,0,0,0,0,0,0,0,0,0,0,0,0,0,0,0,1462,0,0,0,0,0,0,0,0,0,0,0,0,0,0,0,0,0,0,0,0,0,0,0,0,0,0,0,0,0,0,0,0,0,0,0,0,0,0,0,0,0,0,0,0,0,0,0,0,0,0,0,0,0,0,0,0,0,0,0,0,0,0,0,0,0,0,2,1466,0,0,0,0,0,0,0,0,0,0,0,0,0,0,0,0,0,0,0,0,0,0,0,0,0,0,0,0,0,0,0,0,0,0,0,0,0,0,0,0,0,0
"Animalia","Chordata","Chondrichthyes","Rajiformes","Rajidae","Amblyraja","Amblyraja radiata","GG01_003257563",0.995,0.994505494505495,272,0,0,0,0,0,0,0,0,0,0,2,0,0,0,0,0,0,0,0,0,66,0,0,0,0,0,0,0,0,0,0,0,0,0,0,0,0,0,0,0,0,0,0,0,0,0,0,0,0,0,0,0,0,0,0,0,0,0,0,0,0,0,0,0,0,0,0,0,0,0,0,0,0,0,0,0,0,0,0,0,0,0,0,0,0,0,12,0,0,30,0,0,0,130,0,0,0,16,0,0,6,0,0,0,0,0,0,0,0,0,0,0,0,0,0,0,0,0,0,0,0,10,0,0,0,0,0,0,0,0,0,0,0,0,0,0,0,0,0,0,0,0,0,0,0,0,0,0,0,0,0,0,0,0,0,0,0,0,0,0,0,0,0,0,0,0,0,0,0,0,0,0,0,0,0,0,0,0,0,0,0,0,0,0,0,0,0,0,0,0,0
"Animalia","Chordata","Mammalia","Artiodactyla","Bovidae","Bos","Bos taurus","GG01_000399129",1,1,6396,0,0,0,0,0,0,0,0,0,0,0,0,0,0,0,0,1224,0,0,0,0,0,0,0,0,0,0,0,0,0,0,0,0,0,0,0,0,0,0,0,0,0,0,0,0,0,0,0,0,0,0,0,0,0,0,0,0,0,0,0,0,0,0,0,0,0,0,0,0,0,2,0,0,0,0,0,0,0,0,0,0,2,0,0,0,0,0,0,0,0,0,0,0,0,0,0,0,0,0,0,0,0,0,0,0,0,0,0,0,0,0,0,0,0,0,0,0,0,0,0,0,0,0,0,0,0,0,0,0,0,0,0,0,0,0,0,0,0,0,0,0,0,0,0,0,0,0,0,0,0,0,0,0,0,0,0,0,0,0,5112,0,0,0,0,0,0,0,0,0,0,0,0,56,0,0,0,0,0,0,0,0,0,0,0,0,0,0,0,0,0,0
"Animalia","Chordata","Mammalia","Artiodactyla","Bovidae","Capra","Capra hircus","GG01_001025921",1,1,3196,0,0,0,0,0,0,0,0,0,0,0,0,0,0,0,0,0,0,0,0,0,0,0,0,0,0,0,0,0,0,0,0,0,0,0,0,0,0,0,0,0,0,0,0,2,0,0,0,0,0,0,0,0,0,0,0,0,0,0,0,0,0,0,0,0,0,0,0,0,0,0,0,0,0,0,0,0,0,0,0,0,0,0,0,0,0,0,0,0,0,0,0,0,0,0,0,0,0,0,0,0,0,0,0,0,0,0,0,0,0,0,0,0,0,0,0,0,0,3194,0,0,0,0,0,0,0,0,0,0,0,0,0,0,0,0,0,0,0,0,0,0,0,0,0,0,0,0,0,0,0,0,0,0,0,0,0,0,0,0,0,0,0,0,0,0,0,0,0,0,0,0,0,0,0,0,0,0,0,0,0,0,0,0,0,0,0,0,0,0,0,0
"Animalia","Chordata","Mammalia","Artiodactyla","Cervidae","Rangifer","Rangifer tarandus","GG01_000001980",1,1,274,274,0,0,0,0,0,0,0,0,0,0,0,0,0,0,0,0,0,0,0,0,0,0,0,0,0,0,0,0,0,0,0,0,0,0,0,0,0,0,0,0,0,0,0,0,0,0,0,0,0,0,0,0,0,0,0,0,0,0,0,0,0,0,0,0,0,0,0,0,0,0,0,0,0,0,0,0,0,0,0,0,0,0,0,0,0,0,0,0,0,0,0,0,0,0,0,0,0,0,0,0,0,0,0,0,0,0,0,0,0,0,0,0,0,0,0,0,0,0,0,0,0,0,0,0,0,0,0,0,0,0,0,0,0,0,0,0,0,0,0,0,0,0,0,0,0,0,0,0,0,0,0,0,0,0,0,0,0,0,0,0,0,0,0,0,0,0,0,0,0,0,0,0,0,0,0,0,0,0,0,0,0,0,0,0,0,0,0,0,0,0
"Animalia","Chordata","Mammalia","Artiodactyla","Suidae","Sus","Sus scrofa","GG01_000000115",1,0.994082840236686,12480,7902,0,0,0,0,0,0,0,0,0,0,0,0,0,0,0,0,0,0,0,0,0,0,0,0,0,0,0,0,0,0,0,0,0,0,0,0,0,0,0,0,0,0,0,0,0,0,0,0,0,0,0,0,0,0,0,0,0,0,0,0,0,4358,0,0,0,0,2,0,0,0,0,0,2,0,0,0,0,0,0,0,0,0,0,0,0,0,0,0,0,0,0,0,0,0,0,0,0,0,0,0,0,198,0,0,0,0,0,0,0,0,0,0,0,0,0,0,0,0,0,0,0,0,0,0,0,0,0,0,0,0,18,0,0,0,0,0,0,0,0,0,0,0,0,0,0,0,0,0,0,0,0,0,0,0,0,0,0,0,0,0,0,0,0,0,0,0,0,0,0,0,0,0,0,0,0,0,0,0,0,0,0,0,0,0,0,0,0,0,0,0
"Animalia","Chordata","Mammalia","Carnivora","Phocidae","Halichoerus","Halichoerus grypus","GG01_001212394",1,1,54,0,0,0,0,0,0,0,0,0,0,0,0,0,0,0,0,0,0,0,0,0,0,0,0,0,0,0,0,0,0,0,4,0,0,0,0,0,0,0,0,0,0,0,0,0,0,0,0,50,0,0,0,0,0,0,0,0,0,0,0,0,0,0,0,0,0,0,0,0,0,0,0,0,0,0,0,0,0,0,0,0,0,0,0,0,0,0,0,0,0,0,0,0,0,0,0,0,0,0,0,0,0,0,0,0,0,0,0,0,0,0,0,0,0,0,0,0,0,0,0,0,0,0,0,0,0,0,0,0,0,0,0,0,0,0,0,0,0,0,0,0,0,0,0,0,0,0,0,0,0,0,0,0,0,0,0,0,0,0,0,0,0,0,0,0,0,0,0,0,0,0,0,0,0,0,0,0,0,0,0,0,0,0,0,0,0,0,0,0,0,0
"Animalia","Chordata","Mammalia","Cetacea","Delphinidae","Orcinus","Orcinus orca","GG01_005581447",0.9,0.9,858,0,0,0,0,0,0,0,0,0,0,0,0,0,0,0,0,0,0,0,0,0,0,0,0,0,0,0,0,0,0,0,0,0,0,0,0,0,0,0,0,0,0,0,0,0,0,0,0,0,0,0,0,0,26,0,0,0,0,0,0,0,0,0,0,0,0,0,0,0,0,0,0,0,0,0,0,0,0,0,0,0,0,0,0,0,0,0,0,0,0,0,0,0,0,0,0,0,0,0,0,0,0,0,0,0,0,0,0,0,0,0,0,0,0,0,0,0,0,0,0,0,0,0,0,0,0,0,0,0,0,320,0,0,320,0,0,0,0,0,0,0,0,0,0,0,0,0,0,0,0,0,0,0,0,0,0,0,0,0,0,192,0,0,0,0,0,0,0,0,0,0,0,0,0,0,0,0,0,0,0,0,0,0,0,0,0,0,0,0,0,0
"Animalia","Chordata","Mammalia","Cetacea","Balaenopteridae","Balaenoptera","Balaenoptera physalus","GG01_002198156",1,0.994117647058824,1228,0,0,0,0,0,0,0,0,0,0,0,0,0,0,0,0,0,0,0,0,0,0,0,0,0,0,0,0,0,0,0,0,0,0,0,0,0,0,0,0,0,0,0,0,0,0,0,0,0,0,0,0,0,0,0,0,0,0,134,0,0,72,0,0,0,0,936,0,0,0,0,0,0,0,0,14,0,0,0,72,0,0,0,0,0,0,0,0,0,0,0,0,0,0,0,0,0,0,0,0,0,0,0,0,0,0,0,0,0,0,0,0,0,0,0,0,0,0,0,0,0,0,0,0,0,0,0,0,0,0,0,0,0,0,0,0,0,0,0,0,0,0,0,0,0,0,0,0,0,0,0,0,0,0,0,0,0,0,0,0,0,0,0,0,0,0,0,0,0,0,0,0,0,0,0,0,0,0,0,0,0,0,0,0,0,0,0,0,0,0,0
"Animalia","Chordata","Mammalia","Cetacea","Balaenopteridae","Megaptera","Megaptera novaeangliae","GG01_002373508",1,0.994117647058824,1548,0,0,0,0,0,0,0,0,0,0,0,0,0,0,0,0,0,0,0,0,0,0,0,0,0,0,0,0,0,0,0,0,0,0,0,0,0,0,0,0,0,0,0,0,0,0,0,0,0,0,0,0,0,0,0,0,0,0,0,0,0,0,0,0,0,0,0,0,0,0,1254,0,0,0,84,0,0,210,0,0,0,0,0,0,0,0,0,0,0,0,0,0,0,0,0,0,0,0,0,0,0,0,0,0,0,0,0,0,0,0,0,0,0,0,0,0,0,0,0,0,0,0,0,0,0,0,0,0,0,0,0,0,0,0,0,0,0,0,0,0,0,0,0,0,0,0,0,0,0,0,0,0,0,0,0,0,0,0,0,0,0,0,0,0,0,0,0,0,0,0,0,0,0,0,0,0,0,0,0,0,0,0,0,0,0,0,0,0,0,0,0
"Animalia","Chordata","Mammalia","Cetacea","Delphinidae","Lagenorhynchus","Lagenorhynchus albirostris","GG01_001119194",1,0.994152046783626,6306,0,0,0,0,0,0,0,0,0,0,0,0,0,0,0,0,0,0,0,0,0,0,0,0,0,0,0,0,0,0,0,0,0,0,0,0,0,0,0,0,0,0,0,0,0,0,0,640,30,352,298,14,64,50,48,2,0,0,8,0,20,0,2,488,456,76,466,182,6,0,48,36,0,378,176,6,60,68,156,164,54,20,0,2,2,0,0,0,0,0,0,0,0,0,0,0,0,0,0,0,0,0,0,2,0,0,0,0,0,0,0,0,0,0,0,0,0,0,0,0,0,0,0,0,0,0,0,0,0,0,6,0,0,46,4,522,24,0,0,0,0,0,16,0,0,0,8,0,0,0,0,0,0,0,0,0,0,0,514,0,544,92,0,0,156,0,0,0,0,0,0,0,0,0,0,0,0,0,0,0,0,0,0,0,0,0,0,0,0,0,0
"Animalia","Chordata","Mammalia","Cetacea","Phocoenidae","Phocoena","Phocoena phocoena","GG01_000038168",1,1,23586,0,60,54,40,0,128,0,0,12,0,532,0,0,0,0,0,0,54,0,0,2292,0,36,40,0,0,0,0,0,0,0,0,0,0,0,6,0,0,0,0,0,0,0,0,0,0,0,788,900,604,228,662,166,188,116,346,0,2,118,2,908,72,0,206,18,226,124,272,206,4,0,284,0,150,28,112,158,382,28,132,226,16,0,0,2,0,252,0,90,16,0,358,0,6,0,0,0,4,0,8,8,0,1006,0,18,4,0,0,0,0,0,0,0,0,254,0,1818,0,0,0,0,0,0,92,0,0,0,0,64,422,0,22,0,6,2,4,0,0,40,12,0,46,52,2,18,0,64,2,896,0,0,0,574,0,20,0,18,0,2972,1566,122,10,296,38,1088,368,0,0,0,0,0,0,0,0,0,0,0,0,0,0,0,0,0,0,0,0,0,0,0,0,0
"Animalia","Chordata","Mammalia","Soricomorpha","Soricidae","Sorex","Sorex araneus","GG01_004984869",1,0.994285714285714,166,0,0,0,0,0,0,0,0,0,0,0,0,0,0,0,0,0,0,0,0,0,0,0,0,0,0,0,0,0,0,0,0,0,0,0,0,0,0,0,0,0,0,0,0,0,0,0,0,0,0,0,0,0,0,0,0,0,0,0,0,0,0,0,0,0,0,0,0,0,0,0,0,0,0,0,0,0,0,0,0,0,0,0,0,0,0,0,0,0,0,0,0,0,0,0,0,0,0,0,0,0,0,0,0,0,0,0,0,0,0,0,0,0,0,0,0,0,0,0,0,0,0,0,0,0,0,0,0,0,0,0,0,0,0,0,0,0,0,0,0,0,0,166,0,0,0,0,0,0,0,0,0,0,0,0,0,0,0,0,0,0,0,0,0,0,0,0,0,0,0,0,0,0,0,0,0,0,0,0,0,0,0,0,0,0,0,0,0,0,0,0
"Animalia","Echinodermata","Echinoidea",NA,NA,NA,NA,"GG01_000380408",0.648351648351648,0.648351648351648,452,0,0,0,0,0,0,0,0,0,0,0,0,0,40,0,10,0,0,0,0,0,0,0,0,0,0,0,0,0,0,0,0,0,0,0,0,0,0,0,0,0,0,0,0,0,0,0,16,0,0,0,0,0,0,0,0,0,0,0,0,0,0,0,0,0,0,0,0,0,0,0,0,0,0,0,0,0,0,0,0,0,0,0,0,0,0,0,0,0,0,0,0,0,0,0,0,0,0,0,0,0,0,2,0,0,0,0,0,0,0,0,0,0,0,0,0,0,0,0,0,0,0,0,0,0,0,0,0,0,0,0,0,0,0,0,0,0,0,0,0,0,0,0,0,0,0,4,0,0,0,0,0,0,0,0,0,0,0,0,0,0,0,0,0,0,0,0,0,0,0,0,0,0,0,0,0,0,0,0,0,0,0,0,380,0,0,0,0,0,0,0
"Animalia","Echinodermata","Echinoidea","Forcipulatida","Asteriidae","Asterias","Asterias rubens","GG01_000533419",0.994,0.687830687830688,22,0,0,0,0,0,0,0,0,0,0,0,0,0,0,0,0,0,0,0,0,0,2,0,0,0,0,0,0,0,0,0,0,0,0,0,0,0,0,0,0,0,0,0,0,0,0,0,0,0,0,0,0,0,0,0,0,0,0,0,0,0,0,0,0,0,0,0,0,0,4,0,0,0,0,0,0,0,0,0,0,0,0,0,0,10,0,0,0,0,0,0,0,0,0,0,0,0,0,0,0,0,0,0,0,0,0,0,0,0,0,0,0,0,0,0,0,0,0,0,0,0,0,0,0,0,0,0,0,0,0,0,0,0,0,0,0,6,0,0,0,0,0,0,0,0,0,0,0,0,0,0,0,0,0,0,0,0,0,0,0,0,0,0,0,0,0,0,0,0,0,0,0,0,0,0,0,0,0,0,0,0,0,0,0,0,0,0,0,0,0,0
